Accession_no	 Year	 Distance	 ClusterNo	 NumberofN	 
FJ205876.1	2007	0.00184	0	0
FJ024427.1	2007	0.00184	0	0
EU482483.1	2007	0.00165	0	0
EU677171.1	2007	0.0022	0	0
GQ199786.1	2007	0.00284	0	0
EU482497.1	2007	0.00275	0	0
EU677155.1	2007	0.00055	0	0
EU677167.1	2007	0.00215	0	0
EU677166.1	2007	0.00215	0	0
JQ045644.1	2011	0.00411	0	0
JQ045637.1	2011	0.00531	0	1
JQ045638.1	2011	0.00531	0	0
GU131803.1	2008	0.00242	0	0
FJ024457.1	2007	0.00275	0	0
FJ024462.1	2007	0.0033	0	0
EU677170.1	2007	0.00385	0	0
EU677177.1	2007	0.00385	0	0
FJ205884.1	2007	0.0022	0	0
FJ024437.1	2007	0.0022	0	0
EU482498.1	2007	0.00275	0	0
EU482708.1	2007	0.0033	0	0
GU131783.1	2008	0.00528	0	0
GU131695.1	2008	0.00516	0	0
GU131685.1	2008	0.00497	0	0
HM181969.1	2008	0.00562	0	0
GU131787.1	2008	0.00562	0	0
EU482504.1	2007	0.00557	0	0
EU726780.1	2007	0.00557	0	0
EU660397.1	2006	0.00605	0	0
GU131797.1	2008	0.00982	0	0
GU131808.1	2008	0.01056	0	0
GU131770.1	2008	0.01111	0	0
GU131807.1	2008	0.01207	0	0
GU131755.1	2008	0.01221	0	0
GU131795.1	2008	0.01221	0	0
JF937614.1	2008	0.01114	0	0
GU131793.1	2008	0.01114	0	0
JF937606.1	2008	0.01168	0	0
JQ287662.1	2007	0.01674	0	0
HM181964.1	2008	0.01114	0	0
FJ182022.1	2007	0.00715	0	0
FJ024433.1	2007	0.00771	0	0
FJ182027.1	2007	0.0088	0	0
EU482494.1	2007	0.00935	0	0
EU677163.1	2007	0.0099	0	0
EU677165.1	2007	0.0099	0	0
FJ024448.1	2007	0.0088	0	0
FJ410289.1	2007	0.0088	0	0
EU482501.1	2007	0.00844	0	0
HM181960.1	2008	0.00947	0	0
JQ045642.1	2011	0.01128	0	0
JQ045643.1	2011	0.01128	0	0
JQ045660.1	2011	0.01107	0	0
JQ045659.1	2011	0.01107	0	0
GU131750.1	2008	0.00983	0	0
JQ045668.1	2011	0.01382	0	0
JQ045667.1	2011	0.01382	0	0
FJ461336.1	2008	0.01046	0	0
EU660394.1	2006	0.00935	0	0
EU482821.1	2006	0.00935	0	0
FJ882544.1	2006	0.00954	0	0
EU482520.1	2006	0.0088	0	0
EU482539.1	2006	0.00935	0	0
EU482801.1	2006	0.00935	0	0
FJ882522.1	2006	0.00935	0	0
FJ024430.1	2007	0.00944	0	0
EU660419.1	2007	0.00999	0	0
FJ205883.1	2007	0.00999	0	0
FJ182025.1	2007	0.01054	0	0
EU482485.1	2007	0.01109	0	0
EU482508.1	2007	0.01109	0	0
EU482711.1	2007	0.01109	0	0
FJ182019.1	2007	0.01109	0	0
FJ024445.1	2007	0.01054	0	0
FJ373298.1	2007	0.00999	0	0
EU726778.1	2007	0.00999	0	0
EU677168.1	2007	0.0088	0	0
EU482516.1	2007	0.00999	0	0
FJ024447.1	2007	0.0099	0	0
EU482713.1	2007	0.011	0	0
EU482503.1	2007	0.01155	0	0
EU482502.1	2007	0.01155	0	0
FJ024439.1	2007	0.0121	0	0
EU726779.1	2007	0.0121	0	0
EU677153.1	2007	0.0121	0	0
FJ024451.1	2007	0.0121	0	0
EU660418.1	2007	0.0121	0	0
FJ390381.1	2007	0.0121	0	0
EU482717.1	2007	0.0121	0	0
EU677156.1	2007	0.01155	0	0
EU482492.1	2007	0.01045	0	0
FJ410198.1	2007	0.01092	0	0
EU482490.1	2007	0.00872	0	0
FJ024441.1	2007	0.00928	0	0
FJ182030.1	2007	0.00927	0	0
EU482812.1	2006	0.00826	0	0
EU482522.1	2006	0.00826	0	0
JN000935.1	2008	0.01296	0	0
JF937604.1	2008	0.01296	0	0
GQ199771.1	2006	0.00958	0	0
EU482524.1	2006	0.01013	0	0
GQ199812.1	2007	0.01288	0	0
FJ410282.1	2008	0.01343	0	0
FJ410277.1	2008	0.01398	0	0
FJ432725.1	2007	0.01591	0	0
GU131699.1	2008	0.01504	0	0
GU131743.1	2008	0.01581	0	0
JF937601.1	2008	0.01614	0	0
KF921943.1	2008	0.02108	0	0
JF937612.1	2008	0.02707	0	0
HM631851.1	2008	0.02933	0	0
KF921940.1	2008	0.02777	0	1
KF921948.1	2008	0.03181	0	0
FJ547065.1	2007	0.01288	0	0
FJ410225.1	2007	0.01322	0	0
GQ199796.1	2007	0.01508	0	0
FJ882554.1	2007	0.01563	0	0
FJ410197.1	2007	0.01613	0	0
FJ410194.1	2007	0.01723	0	0
FJ461327.1	2007	0.01729	0	0
FJ410206.1	2007	0.01728	0	0
FJ432738.1	2007	0.01563	0	0
FJ898382.1	2007	0.01673	0	0
FJ410196.1	2007	0.01712	0	0
JF937600.1	2008	0.01751	0	0
FJ410275.1	2008	0.01806	0	0
FJ410265.1	2008	0.01806	0	0
GU131828.1	2008	0.01888	0	0
FJ410272.1	2008	0.01888	0	0
GQ199823.1	2007	0.01998	0	0
FJ410210.1	2007	0.02053	0	0
KF921945.1	2008	0.02067	2	0
FJ882556.1	2007	0.01998	0	0
HM181962.1	2008	0.02061	0	0
GU131719.1	2008	0.02061	0	0
GU131707.1	2008	0.01943	0	0
GU131691.1	2008	0.01943	0	0
GQ199827.1	2007	0.01833	0	0
GU131693.1	2008	0.01888	0	0
FJ432740.1	2007	0.01888	0	0
GU131823.1	2008	0.01833	0	0
FJ410258.1	2008	0.01833	0	0
GQ199795.1	2007	0.01833	0	0
GQ199819.1	2007	0.01888	0	0
FJ461306.1	2007	0.01888	0	0
GQ199776.1	2007	0.01508	0	0
GQ199829.1	2007	0.01563	0	0
GU131694.1	2008	0.01675	0	0
FJ410263.1	2008	0.01728	0	0
FJ461325.1	2007	0.01728	0	0
FJ410270.1	2008	0.01618	0	0
FJ461341.1	2008	0.01563	0	0
JF937605.1	2008	0.0163	0	0
GU131791.1	2008	0.01673	0	0
HM181967.1	2008	0.01673	0	0
FJ432727.1	2007	0.01453	0	0
GU131710.1	2008	0.01435	0	0
FJ410278.1	2008	0.0149	0	0
GU131716.1	2008	0.01545	0	0
FJ461310.1	2008	0.01564	0	0
FJ898383.1	2007	0.01288	0	0
GQ199779.1	2007	0.01288	0	0
FJ410245.1	2008	0.01478	0	0
GU131704.1	2008	0.01604	0	0
GQ199815.1	2007	0.01563	0	0
GQ199802.1	2007	0.01508	0	0
FJ432748.1	2007	0.01404	0	0
FJ898380.1	2007	0.01343	0	0
GQ199778.1	2007	0.01123	0	0
EU482523.1	2006	0.01068	0	0
FJ639688.1	2007	0.01483	0	0
FJ196843.1	2006	0.01641	0	0
FJ176780.1	2006	0.01458	0	0
FJ882559.1	2007	0.02901	0	0
FJ639693.1	2007	0.02902	2	0
GQ868639.1	2006	0.02912	0	0
GU131926.1	2006	0.02912	0	0
GQ868630.1	2006	0.02912	0	0
GU131890.1	2006	0.02967	0	0
FJ639687.1	2006	0.02967	0	0
FJ639696.1	2007	0.02922	0	0
KF955440.1	2007	0.02933	2	0
FJ639691.1	2007	0.02907	0	0
HM181945.1	2007	0.03049	0	0
HM181939.1	2006	0.02977	0	0
HM181942.1	2006	0.03107	0	0
JQ287665.1	2007	0.0328	0	0
HM181944.1	2007	0.03099	0	0
HM181951.1	2007	0.03087	0	0
HQ624983.1	2007	0.03063	0	0
GQ199840.1	2006	0.02765	0	0
FJ410279.1	2008	0.03021	0	0
GU131722.1	2008	0.03076	0	0
GU131762.1	2008	0.03117	2	0
GU131751.1	2008	0.0314	0	0
GQ199800.1	2007	0.0304	2	0
FJ410252.1	2007	0.03106	0	0
FJ882529.1	2006	0.02983	0	0
GU131686.1	2008	0.03093	0	0
FJ410226.1	2008	0.03148	0	0
FJ410254.1	2008	0.03203	0	0
GU131754.1	2008	0.03258	0	0
GU131781.1	2008	0.03313	0	0
JF937603.1	2008	0.03368	0	0
KF921951.1	2008	0.03427	2	0
GU131744.1	2008	0.03473	0	0
GU131772.1	2008	0.03478	0	0
GQ199814.1	2007	0.03089	2	0
FJ410246.1	2008	0.03098	2	0
FJ898399.1	2006	0.03078	0	0
FJ898400.1	2006	0.03092	0	0
FJ898426.1	2006	0.02902	0	0
FJ882519.1	2006	0.02957	0	0
FJ898418.1	2006	0.02957	0	0
GU131741.1	2008	0.03054	2	0
FJ182024.1	2007	0.02913	0	0
FJ182020.1	2007	0.02913	0	0
FJ024459.1	2007	0.0303	2	0
FJ182032.1	2007	0.03085	0	0
EU677175.1	2007	0.0314	0	0
EU677162.1	2007	0.03195	0	0
FJ182035.1	2007	0.03195	0	0
EU677150.1	2007	0.03195	0	0
FJ906964.1	2007	0.0316	2	0
GU131692.1	2008	0.03232	2	0
FJ410242.1	2008	0.03232	2	0
GU131687.1	2008	0.03287	2	0
FJ410227.1	2007	0.03287	2	0
FJ410256.1	2008	0.03333	2	0
FJ410281.1	2008	0.03333	2	0
GQ199826.1	2007	0.03177	2	0
GQ199813.1	2007	0.03232	2	0
FJ898381.1	2007	0.03232	2	0
JQ045657.1	2011	0.03349	2	0
JQ045658.1	2011	0.03349	2	1
EU482804.1	2006	0.0303	2	0
EU482532.1	2006	0.03031	2	0
FJ898402.1	2006	0.02985	2	0
HE795086.1	2008	0.03235	2	0
GQ199806.1	2007	0.03148	0	0
EU660391.1	2006	0.03089	0	0
FJ882535.1	2006	0.03177	0	0
EU660396.1	2006	0.03287	0	0
EU482814.1	2006	0.03287	0	0
EU482817.1	2006	0.03232	0	0
GQ199807.1	2007	0.03342	0	0
FJ882527.1	2006	0.03397	0	0
FJ882530.1	2006	0.03452	0	0
FJ882531.1	2006	0.03452	0	0
FJ882538.1	2006	0.03287	0	0
JQ287663.1	2007	0.04187	0	0
FJ410262.1	2008	0.03378	0	0
GU131778.1	2008	0.03701	0	0
EU482820.1	2006	0.03287	2	0
GU131765.1	2008	0.0341	2	0
FJ461308.1	2008	0.03397	2	0
EU677152.1	2007	0.03322	0	0
GU131758.1	2008	0.03462	0	0
GU131740.1	2008	0.03462	0	0
GU131759.1	2008	0.03408	0	0
GU131784.1	2008	0.03477	2	0
EU482528.1	2006	0.03103	2	0
FJ898375.1	2007	0.03215	0	0
EU249493.1	2006	0.03187	0	0
FJ882539.1	2006	0.03261	2	0
FJ882540.1	2006	0.03261	2	0
GQ199773.1	2007	0.03345	0	0
EU482803.1	2006	0.03297	0	0
FJ410249.1	2008	0.03417	0	0
FJ410244.1	2008	0.03435	0	0
EU482797.1	2006	0.03296	0	0
GQ868606.1	2006	0.0326	0	0
FJ882552.1	2007	0.03425	2	0
GQ199788.1	2007	0.0348	2	0
FJ432730.1	2007	0.0348	2	0
EU677160.1	2007	0.03508	2	0
GQ199797.1	2007	0.03535	2	0
FJ882558.1	2007	0.0359	2	0
GU131700.1	2008	0.03645	2	0
GU131780.1	2008	0.037	2	0
GU131799.1	2008	0.037	2	0
EU482800.1	2006	0.03214	0	0
FJ410207.1	2007	0.0339	0	0
EU482816.1	2006	0.03288	2	0
EU482808.1	2006	0.03287	0	0
EU482505.1	2007	0.03482	0	0
GQ868608.1	2007	0.0359	0	0
GU131679.1	2008	0.03645	0	0
FJ410243.1	2008	0.03682	0	0
GQ199816.1	2007	0.03599	0	0
GQ199808.1	2007	0.03654	0	0
FJ432739.1	2007	0.03709	0	0
FJ432744.1	2007	0.03709	0	0
GQ199854.1	2006	0.03452	0	0
KF921936.1	2006	0.03507	0	0
EU482813.1	2006	0.03562	0	0
FJ882517.1	2006	0.03571	0	0
GQ199842.1	2006	0.03397	0	0
GQ199841.1	2006	0.03342	0	0
EU249490.1	2006	0.03398	0	0
EU482795.1	2006	0.03453	0	0
EU482802.1	2006	0.03453	0	0
EU482815.1	2006	0.03471	0	0
GQ199821.1	2007	0.0348	2	0
GU131821.1	2008	0.03552	0	0
JN093516.1	2008	0.03552	2	0
GU131818.1	2008	0.0363	2	0
FJ859029.1	2007	0.03557	0	0
FJ410191.1	2008	0.03725	0	0
GQ199789.1	2007	0.03574	0	0
EU482533.1	2006	0.03177	0	0
FJ410240.1	2008	0.03324	0	0
FJ410235.1	2008	0.03465	2	0
EU482807.1	2006	0.03067	2	0
GQ199856.1	2006	0.03122	2	0
FJ882525.1	2006	0.03122	2	0
GQ199824.1	2007	0.03142	2	0
HM631850.1	2008	0.03325	2	0
FJ432735.1	2007	0.03243	2	0
FJ461312.1	2007	0.03243	2	0
FJ898431.1	2006	0.03185	2	0
EU677164.1	2007	0.03295	2	0
EU482712.1	2007	0.03295	2	0
EU726781.1	2007	0.03295	2	0
FJ410199.1	2007	0.03323	2	0
FJ898403.1	2006	0.02957	0	0
GQ199780.1	2007	0.03027	0	0
FJ898430.1	2006	0.03177	2	0
GQ199853.1	2006	0.03177	2	0
GQ199847.1	2006	0.03177	0	0
FJ898422.1	2006	0.03232	0	0
GQ868613.1	2006	0.03287	0	0
FJ898419.1	2006	0.03287	0	0
GU131688.1	2008	0.03291	0	0
GU131698.1	2008	0.03346	0	0
GU131809.1	2008	0.03348	0	0
KF921944.1	2008	0.03401	0	0
GU131805.1	2008	0.03691	0	0
GU131796.1	2008	0.03456	0	0
GU131717.1	2008	0.03358	2	0
JF937615.1	2008	0.03347	0	0
GU131734.1	2008	0.03349	0	0
KF921934.1	2006	0.03208	0	0
FJ898411.1	2006	0.03232	0	0
GQ199851.1	2006	0.03232	0	0
FJ898417.1	2006	0.03287	0	0
FJ882526.1	2006	0.03287	0	0
FJ898397.1	2006	0.03031	0	0
FJ898401.1	2006	0.03012	0	0
FJ882521.1	2006	0.03049	0	0
FJ906965.1	2007	0.03157	2	0
EU482527.1	2006	0.03159	0	0
EU482819.1	2006	0.03159	2	0
FJ410273.1	2008	0.02914	2	0
FJ410268.1	2008	0.02969	2	0
FJ410248.1	2008	0.03024	2	0
HM181961.1	2008	0.03027	2	0
EU482477.1	2007	0.02922	0	0
GQ199798.1	2007	0.02977	0	0
GQ199801.1	2007	0.03032	0	0
FJ410253.1	2007	0.03087	0	0
FJ562101.1	2007	0.03087	0	0
FJ410216.1	2007	0.03087	0	0
FJ205882.1	2007	0.02978	2	0
FJ024436.1	2007	0.02978	2	0
FJ182034.1	2007	0.02932	2	0
FJ882551.1	2007	0.02994	2	0
FJ882555.1	2007	0.0304	0	0
HM181963.1	2008	0.03158	2	0
GU131811.1	2008	0.03218	2	0
GU131684.1	2008	0.03022	0	0
KF921939.1	2008	0.03132	0	0
GU131730.1	2008	0.03162	2	0
GU131786.1	2008	0.03153	0	0
GU131767.1	2008	0.03132	0	0
JQ045635.1	2011	0.03313	0	2
JQ045636.1	2011	0.03313	0	0
GU131794.1	2008	0.03067	0	0
GU131756.1	2008	0.02973	0	0
EU482534.1	2006	0.02952	0	0
EU482798.1	2006	0.02952	0	0
EU660392.1	2006	0.02952	0	0
EU482793.1	2006	0.02952	0	0
JF937602.1	2008	0.03048	0	0
FJ432746.1	2007	0.03163	2	0
GQ199811.1	2007	0.03089	0	0
EU482810.1	2006	0.02965	0	0
EU249492.1	2006	0.02956	2	0
EU482809.1	2006	0.03029	2	0
FJ461339.1	2008	0.03168	2	0
FJ898377.1	2007	0.03176	2	0
EU482488.1	2007	0.03111	2	0
GU131689.1	2008	0.03109	2	0
EU482828.1	2006	0.03149	0	0
EU482538.1	2006	0.03149	0	0
FJ898413.1	2006	0.03075	2	0
FJ898378.1	2007	0.03204	2	0
GQ199799.1	2007	0.03259	2	0
FJ410238.1	2008	0.03305	2	0
EU482826.1	2006	0.03194	2	0
EU482536.1	2006	0.03194	2	0
FJ882532.1	2006	0.03194	2	0
FJ898384.1	2007	0.03166	2	0
EU482484.1	2007	0.03131	0	0
GQ199817.1	2007	0.03249	2	0
GQ199820.1	2007	0.03249	2	0
JF937599.1	2006	0.04547	2	0
FJ898410.1	2006	0.02986	2	0
GQ199845.1	2006	0.02976	2	0
EU687247.1	2006	0.03041	2	0
FJ898398.1	2006	0.03022	2	0
EU660402.1	2006	0.03087	0	0
EU482480.1	2006	0.03114	0	0
EU482706.1	2006	0.03114	0	0
EU482714.1	2007	0.03169	0	0
EU482491.1	2007	0.03169	0	0
JF937598.1	2006	0.04774	0	0
FJ182033.1	2007	0.0366	0	0
EU482495.1	2007	0.0365	0	0
FJ373297.1	2007	0.0376	0	0
EU677176.1	2007	0.03815	0	0
EU482486.1	2007	0.03815	0	0
EU660395.1	2007	0.03705	0	0
FJ898407.1	2006	0.03622	0	0
FJ882541.1	2006	0.03742	0	0
EU677151.1	2007	0.0375	0	0
EU677169.1	2007	0.0375	0	0
GQ199843.1	2006	0.0376	0	0
FJ898429.1	2006	0.03806	0	0
FJ898424.1	2006	0.03861	0	0
FJ882520.1	2006	0.03862	0	0
GQ199785.1	2007	0.03741	0	0
FJ882549.1	2007	0.03796	0	0
FJ410231.1	2007	0.03815	0	0
FJ461318.1	2007	0.03741	0	0
JF937649.1	2007	0.03763	0	0
EU482510.1	2007	0.03663	0	0
FJ882537.1	2006	0.03689	0	0
GQ199775.1	2007	0.038	0	0
GQ199774.1	2007	0.03781	0	0
FJ898423.1	2006	0.0369	0	0
FJ898373.1	2007	0.03713	0	0
KJ649286.1	2011	0.06284	0	0
KU094071.1	2015	0.06674	0	0
KR919820.1	2014	0.2877	6	0
KJ830751.1	2014	0.56578	3	0
GU370053.1	2007	0.55983	3	0
KX380841.1	2012	0.56667	3	0
KF954946.1	2013	0.56908	3	0
KF954945.1	2013	0.56963	3	0
KF954948.1	2013	0.57018	3	0
KF954949.1	2013	0.57018	3	0
KF954947.1	2013	0.56853	3	0
KX380842.1	2013	0.56798	3	0
JF504679.1	2009	0.56502	3	0
GU363549.1	2009	0.56615	3	0
JN662391.1	2009	0.56615	3	0
KU216209.1	2013	0.5685	3	0
KU216208.1	2013	0.5685	3	0
KF041257.1	2006	0.56354	3	0
KF041254.1	2008	0.56503	3	0
KF041258.1	2009	0.56493	3	0
KF041256.1	2006	0.56382	3	0
KF041255.1	2007	0.56319	3	0
KF041259.1	2006	0.56412	3	0
GQ466079.1	2008	0.56214	3	0
FJ644564.1	2007	0.56103	3	0
KJ643590.1	2007	0.56148	3	0
KJ189292.1	2009	0.56589	3	0
KJ189294.1	2006	0.5639	3	0
KJ189282.1	2007	0.56538	3	0
KJ189287.1	2008	0.56568	3	0
KJ189296.1	2006	0.56446	3	0
KJ189278.1	2007	0.56615	3	0
KJ189288.1	2008	0.56623	3	0
KJ189301.1	2008	0.56651	3	0
KJ189272.1	2007	0.56639	3	0
KJ189261.1	2008	0.5661	3	0
KJ189289.1	2008	0.56757	3	0
KJ189300.1	2008	0.56665	3	0
KJ189297.1	2006	0.56446	3	0
KJ189268.1	2007	0.56558	3	0
KJ189275.1	2007	0.56677	3	0
KJ189274.1	2007	0.56675	3	0
KJ189283.1	2007	0.56692	3	0
KJ189298.1	2008	0.56747	3	0
KJ189290.1	2008	0.56848	3	0
KJ189291.1	2008	0.56848	3	0
KJ189276.1	2007	0.5663	3	0
KJ189277.1	2007	0.5663	3	0
KJ189271.1	2007	0.5657	3	0
KJ189269.1	2007	0.56588	3	0
KJ189267.1	2007	0.56588	3	0
KJ189286.1	2008	0.5658	3	0
KJ189281.1	2007	0.56598	3	0
KJ189270.1	2007	0.56477	3	0
KJ189279.1	2007	0.56603	3	0
KJ189273.1	2007	0.56763	3	0
KJ189284.1	2008	0.56689	3	0
KJ189285.1	2008	0.56613	3	0
KJ189280.1	2007	0.56632	3	0
KJ189295.1	2006	0.56424	3	0
HQ705610.1	2009	0.56367	3	0
JF920398.1	2009	0.56499	3	0
JF937639.1	2010	0.56534	3	0
KF973483.1	2011	0.56789	3	0
KF973487.1	2011	0.56789	3	0
KF921927.1	2010	0.5659	3	0
KF921928.1	2010	0.56478	3	0
FJ873812.1	2008	0.56357	3	0
FJ898475.1	2008	0.56357	3	0
KF921926.1	2010	0.56496	3	0
JF937641.1	2009	0.56595	3	0
JF937630.1	2009	0.56663	3	0
HM756274.1	2009	0.56647	3	0
JF920405.1	2010	0.56595	3	0
JF920404.1	2009	0.5665	3	0
JF937642.1	2009	0.56705	3	0
JF920406.1	2010	0.56705	3	0
JF937646.1	2010	0.56513	3	0
JF937637.1	2010	0.56618	3	0
KF973485.1	2011	0.56802	3	0
JF937634.1	2010	0.56706	3	0
JF920408.1	2010	0.56826	3	0
KF921925.1	2010	0.56816	3	0
KF921924.1	2010	0.56761	3	0
JF937652.1	2009	0.56661	3	0
KF921922.1	2009	0.56815	3	0
HQ705613.1	2009	0.56889	3	0
KF921923.1	2009	0.5687	3	0
HQ705618.1	2009	0.56815	3	0
JN183884.1	2009	0.56925	3	0
KF921914.1	2009	0.5698	3	0
HQ541804.1	2009	0.5698	3	0
KF971711.1	2010	0.56971	18	18
JF937621.1	2010	0.5699	3	0
JF937640.1	2010	0.57037	3	0
FJ850052.1	2008	0.5676	3	0
GQ199870.1	2008	0.56853	3	0
JF937631.1	2009	0.5698	3	0
HQ705617.1	2009	0.5698	3	0
HQ166030.1	2009	0.5698	3	0
KF921913.1	2009	0.57035	3	0
HM181973.1	2009	0.57035	3	0
JN000938.1	2010	0.56911	3	0
GQ199860.1	2008	0.5665	3	0
FJ898476.1	2008	0.56595	3	0
KF955490.1	2008	0.56614	3	0
JF920400.1	2009	0.56678	3	0
HQ541795.1	2009	0.56717	3	0
HQ166033.1	2009	0.56717	3	0
HM756279.1	2009	0.56652	3	0
HQ541796.1	2009	0.56652	3	0
KF971705.1	2009	0.56683	21	17
HQ671177.1	2009	0.56815	3	0
HQ705612.1	2009	0.56815	3	0
JF920395.1	2009	0.5676	3	0
JF920393.1	2009	0.56925	3	0
HQ166031.1	2009	0.56925	3	0
HQ166032.1	2009	0.56925	3	0
HM756277.1	2009	0.56925	3	0
HM756278.1	2009	0.56815	3	0
KF973478.1	2012	0.56901	3	0
KF973477.1	2011	0.56972	3	0
KF973486.1	2012	0.57075	3	0
KF973480.1	2012	0.57057	3	0
KF973481.1	2011	0.56991	3	0
KF973484.1	2011	0.57046	3	0
KF973482.1	2011	0.57046	3	0
HM631857.1	2009	0.56766	3	0
KF921916.1	2009	0.56821	3	0
HQ541797.1	2009	0.56825	3	0
HQ891025.1	2009	0.56756	3	0
HM631869.1	2009	0.56756	3	0
HQ705614.1	2009	0.56756	3	0
JF937625.1	2010	0.56812	3	0
JF937629.1	2010	0.56811	3	0
HQ705616.1	2009	0.56811	3	0
JF937623.1	2010	0.56866	3	0
JF937628.1	2010	0.56937	3	0
JF937626.1	2010	0.56948	3	0
HQ705619.1	2009	0.56866	3	0
HQ705611.1	2009	0.56921	3	0
HQ705623.1	2009	0.56949	3	0
KF921920.1	2009	0.56866	3	0
JF937624.1	2010	0.56876	3	0
KF921921.1	2009	0.56925	3	0
HM181974.1	2009	0.56925	3	0
HM181976.1	2009	0.5687	3	0
JF920399.1	2009	0.56834	3	0
JF937633.1	2010	0.56823	3	0
HM181978.1	2009	0.56963	3	0
KF973479.1	2012	0.57103	3	0
HM756282.1	2009	0.5687	3	0
HQ541802.1	2009	0.56815	3	0
JF920401.1	2010	0.56813	3	0
HQ705622.1	2009	0.56705	3	0
KF971704.1	2009	0.56705	18	22
HM631864.1	2009	0.56709	3	0
JF937643.1	2009	0.56709	3	0
JN000936.1	2009	0.56704	3	0
HQ671178.1	2009	0.56714	3	0
HQ541785.1	2009	0.56769	3	0
HQ705615.1	2009	0.56769	3	0
HQ541790.1	2008	0.56654	3	0
FJ850048.1	2008	0.56654	3	0
JF920409.1	2010	0.56647	3	0
KF971702.1	2009	0.56659	18	18
JF937620.1	2010	0.56649	3	0
HM756276.1	2009	0.56812	3	0
KF921919.1	2009	0.56829	3	0
JF920396.1	2009	0.56757	3	0
HM756281.1	2009	0.56812	3	0
HQ705609.1	2009	0.56812	3	0
HM631863.1	2009	0.56812	3	0
JN093514.1	2009	0.56993	3	0
HM181977.1	2009	0.5703	3	0
HQ541806.1	2009	0.5714	3	0
HM631858.1	2009	0.5714	3	0
HM631860.1	2009	0.57085	3	0
HM631862.1	2009	0.56975	3	0
HM631856.1	2009	0.56865	3	0
GQ199862.1	2008	0.56592	3	0
JF937636.1	2009	0.56637	3	0
HM181972.1	2009	0.56521	3	0
GQ199871.1	2008	0.56534	3	0
KF973476.1	2011	0.56833	3	0
HQ705620.1	2009	0.56743	3	0
JF937638.1	2010	0.5679	3	0
FJ873813.1	2008	0.56737	3	0
GQ199864.1	2008	0.56737	3	0
GQ199861.1	2008	0.56792	3	0
FJ850049.1	2008	0.56902	3	0
HQ541791.1	2008	0.56902	3	0
HQ541789.1	2008	0.56847	3	0
GQ199865.1	2009	0.56839	3	0
JF920397.1	2010	0.57152	3	0
JN000937.1	2010	0.57205	3	0
JF937622.1	2010	0.57205	3	0
HM631859.1	2009	0.5715	3	0
JF937647.1	2009	0.57203	3	0
JN093517.1	2009	0.57389	3	0
HQ705621.1	2009	0.57068	3	0
JF920394.1	2009	0.5704	3	0
HM756280.1	2009	0.5715	3	0
KF971695.1	2009	0.57159	21	83
HM756275.1	2009	0.57095	3	0
JF920407.1	2009	0.5715	3	0
JF937648.1	2010	0.57289	3	0
JF937627.1	2010	0.57344	3	0
JN093515.1	2010	0.57344	3	0
HM181975.1	2009	0.57315	3	0
HM631861.1	2009	0.57315	3	0
KF971699.1	2009	0.5731	10	15
HQ671176.1	2009	0.57394	3	0
HQ166034.1	2009	0.57254	3	0
JF920403.1	2009	0.5715	3	0
KF921929.1	2010	0.57146	3	0
JF920402.1	2009	0.56985	3	0
JN093513.1	2010	0.56944	3	0
GQ199863.1	2008	0.56629	3	0
KF971696.1	2009	0.5661	21	14
KF971709.1	2009	0.5663	3	1
JF937632.1	2009	0.56713	3	0
FJ898474.1	2007	0.56326	3	0
HQ235027.1	2007	0.56405	3	0
FJ850094.1	2008	0.56465	3	0
FJ850089.1	2006	0.56294	3	0
FJ850092.1	2007	0.56322	3	0
EU482555.1	2006	0.56383	3	0
EU529692.1	2006	0.56483	3	0
EF629366.1	2007	0.56165	3	0
EF629368.1	2007	0.56168	3	0
GU131866.1	2007	0.56334	3	0
GU131873.1	2007	0.56255	3	0
JX669505.1	2006	0.56223	3	0
EF629369.1	2007	0.55927	3	0
JX669508.1	2006	0.56441	3	0
JX669504.1	2006	0.56441	3	0
JX669496.1	2006	0.56494	3	0
GU131877.1	2007	0.56543	3	0
EF643017.1	2007	0.56365	3	0
GU131871.1	2007	0.56624	3	0
GU131865.1	2006	0.56681	3	0
GU131861.1	2007	0.56679	3	0
GU131849.1	2006	0.56653	3	0
GQ868546.1	2006	0.56778	3	0
GU131852.1	2006	0.56778	3	0
GU131869.1	2007	0.56778	3	0
GU131846.1	2006	0.56778	3	0
GU131845.1	2006	0.56888	3	0
GU131853.1	2006	0.56888	3	0
GQ868547.1	2006	0.56953	3	0
GU131872.1	2007	0.57047	3	0
GU131876.1	2007	0.57008	3	0
GU131860.1	2006	0.56953	3	0
GU131854.1	2006	0.56953	3	0
GU131859.1	2006	0.56833	3	0
GU131847.1	2006	0.56833	3	0
GU131851.1	2006	0.56909	3	0
GU131855.1	2006	0.56943	3	0
GU131848.1	2006	0.56943	3	0
GQ868548.1	2006	0.56778	3	0
GU131857.1	2006	0.56778	3	0
GU131858.1	2006	0.56579	3	0
GU131867.1	2007	0.56634	3	0
GU131862.1	2007	0.56634	3	0
GU131850.1	2006	0.56634	3	0
GU131875.1	2007	0.56583	3	0
GU131870.1	2007	0.56608	3	0
EF629367.1	2007	0.56321	3	0
GU131868.1	2007	0.56605	3	0
GU131878.1	2007	0.56706	3	0
JF808120.1	2009	0.56851	3	0
GU131874.1	2007	0.56626	3	0
GU131844.1	2006	0.5666	3	0
GU131856.1	2006	0.5666	3	0
JF808121.1	2007	0.56624	3	0
JX669506.1	2006	0.56276	3	0
JX669507.1	2006	0.56287	3	0
FJ898442.1	2007	0.56429	3	0
FJ898441.1	2006	0.56331	3	0
EU529699.1	2006	0.55816	3	0
FJ898445.1	2007	0.57124	3	0
KF955454.1	2013	0.5703	3	0
GU131954.1	2006	0.57153	3	0
FJ639817.1	2006	0.57347	3	0
FJ547085.1	2006	0.57645	3	0
GQ868587.1	2007	0.57745	3	0
EU932688.1	2007	0.578	3	0
EU932687.1	2007	0.578	3	0
FJ850111.1	2007	0.5775	3	0
FJ850109.1	2007	0.5775	3	0
EU529683.1	2007	0.57747	3	0
FJ639827.1	2008	0.57812	3	0
FJ639826.1	2008	0.57812	3	0
FJ850110.1	2007	0.57766	3	0
GQ868578.1	2007	0.57498	3	0
FJ639772.1	2007	0.57063	3	0
KF955453.1	2013	0.57099	3	0
KF955451.1	2013	0.57115	3	0
KF955449.1	2013	0.56423	3	0
FJ639825.1	2006	0.56543	3	0
HQ332170.1	2006	0.56595	3	0
HQ332171.1	2006	0.56595	3	0
KF955481.1	2007	0.56672	3	0
GQ868586.1	2007	0.56672	3	0
EU529698.1	2006	0.56766	3	0
EU596494.1	2007	0.57093	3	0
EU596492.1	2007	0.57136	3	0
EU596493.1	2007	0.57136	3	0
KF955456.1	2006	0.57137	3	0
KJ160505.1	2014	0.55304	3	0
EU482460.1	2006	0.57032	3	0
EU482459.1	2006	0.57065	3	0
EU660408.1	2006	0.57119	3	0
FJ562100.1	2007	0.57229	3	0
FJ547062.1	2007	0.57284	3	0
JQ045691.1	2011	0.57566	3	0
JQ045692.1	2011	0.57631	3	0
JQ045693.1	2011	0.57633	3	1
FJ461337.1	2008	0.57229	3	0
FJ432728.1	2007	0.57284	3	0
KF955457.1	2007	0.57339	3	0
FJ461329.1	2007	0.57368	3	0
EU482461.1	2007	0.57019	3	0
FJ432731.1	2007	0.57103	3	0
FJ432741.1	2007	0.57297	3	0
FJ461326.1	2007	0.57286	3	0
FJ562102.1	2007	0.57184	3	0
FJ410229.1	2007	0.57184	3	0
KF955459.1	2008	0.57259	3	0
FJ547066.1	2008	0.57297	3	0
FJ547061.1	2007	0.57129	3	0
FJ461334.1	2008	0.57148	3	0
JQ045695.1	2011	0.57355	3	0
JQ045694.1	2011	0.57355	3	0
KF955458.1	2007	0.57066	3	0
JQ045687.1	2011	0.57334	3	0
JQ045688.1	2011	0.57344	3	0
EU482455.1	2006	0.57139	3	0
FJ461338.1	2008	0.57149	3	0
FJ562103.1	2008	0.57165	3	0
KF955460.1	2008	0.57165	3	0
FJ461322.1	2008	0.57102	3	0
JQ045690.1	2011	0.57316	3	0
JQ045689.1	2011	0.57316	3	0
EU482458.1	2006	0.5702	3	0
EU660410.1	2006	0.57086	3	0
EU482462.1	2007	0.57086	3	0
EU482453.1	2006	0.5693	3	0
EU660411.1	2006	0.56969	3	0
FJ562097.1	2007	0.56932	3	0
FJ432743.1	2007	0.56968	3	0
FJ562099.1	2007	0.56968	3	0
EU660407.1	2006	0.5684	3	0
FJ432722.1	2007	0.5697	3	0
EU482452.1	2006	0.57015	3	0
EU660409.1	2006	0.56932	3	0
EU482456.1	2006	0.56901	3	0
FJ639713.1	2007	0.5686	3	0
EU367962.1	2007	0.56929	3	0
GU189648.1	2009	0.56929	3	0
GU131918.1	2007	0.56863	3	0
GU131917.1	2007	0.569	3	0
GU131914.1	2007	0.57092	3	0
GU131913.1	2007	0.57092	3	0
KF955507.1	2007	0.57092	3	0
KF955508.1	2007	0.57089	3	0
HM181935.1	2007	0.57037	3	0
GU131939.1	2007	0.56966	3	0
FJ639716.1	2008	0.57103	3	0
FJ639715.1	2008	0.57103	3	0
KF955464.1	2007	0.5703	3	0
GU131912.1	2007	0.57078	3	0
GU131907.1	2006	0.5689	3	0
GU131934.1	2007	0.56999	3	0
GU131936.1	2007	0.5711	3	0
GU131945.1	2007	0.57165	3	0
GU131938.1	2007	0.5722	3	0
GU131941.1	2007	0.5722	3	0
JN368477.1	2007	0.56935	3	0
FJ639714.1	2007	0.56974	3	0
GU131933.1	2006	0.56852	3	0
GU131946.1	2008	0.57109	3	0
HM631854.1	2008	0.57225	3	0
GU131937.1	2007	0.56999	3	0
JF295012.1	2007	0.57197	3	0
FJ639729.1	2006	0.56842	3	0
GU131916.1	2007	0.56816	3	0
GU131905.1	2008	0.56816	3	0
GU131915.1	2007	0.56967	3	0
GU131903.1	2008	0.57057	3	0
FJ639712.1	2007	0.57013	3	0
GU131942.1	2007	0.57023	3	0
FJ639730.1	2006	0.56807	3	0
FJ639731.1	2007	0.56862	3	0
GU131935.1	2007	0.56892	3	0
GQ868634.1	2006	0.56842	3	0
HM181933.1	2006	0.56897	3	0
GU131911.1	2006	0.56952	3	0
GU131909.1	2006	0.56952	3	0
HM181934.1	2006	0.56897	3	0
GU131910.1	2006	0.56897	3	0
GU131940.1	2007	0.56993	3	0
GU131908.1	2006	0.56897	3	0
KF955506.1	2007	0.57127	3	0
GU131943.1	2007	0.57203	3	0
GU131944.1	2007	0.57202	3	0
EU482457.1	2006	0.56788	3	0
EU482454.1	2006	0.5697	3	0
KC261634.1	2012	0.57568	3	0
HG316483.1	2010	0.57379	3	0
HG316484.1	2010	0.57379	3	0
KJ622193.1	2013	0.57212	3	0
KJ622194.1	2013	0.57322	3	0
KJ622198.1	2013	0.57432	3	0
KJ622197.1	2013	0.57432	3	0
KJ622195.1	2013	0.57432	3	0
KJ622199.1	2013	0.57487	3	0
KJ622196.1	2013	0.57487	3	0
KJ622192.1	2013	0.57322	3	0
KJ622191.1	2013	0.57322	3	0
KF824903.1	2013	0.57207	3	0
KF824902.1	2013	0.57225	3	0
KR296744.1	2013	0.57204	3	0
KR296743.1	2013	0.57219	3	0
DQ401689.1	2006	0.56987	3	0
DQ401693.1	2006	0.56933	3	0
DQ401692.1	2006	0.56841	3	0
DQ401691.1	2006	0.56896	3	0
KU725666.1	2016	0.55337	3	0
DI401646.1	2014	0.55342	3	0
DI403035.1	2014	0.55342	3	0
KU725665.1	2016	0.55392	3	0
JN697379.1	2006	0.54764	3	0
EF629370.1	2007	0.54939	3	0
EF629373.1	2007	0.54937	3	0
KP406805.1	2015	0.54838	3	0
DQ401694.1	2006	0.55757	3	0
DQ401695.1	2006	0.55757	3	0
DQ401690.1	2006	0.56729	3	0
KC762693.1	2010	0.58192	3	0
KC762692.1	2010	0.58192	3	0
GU370052.1	2009	0.58237	3	0
KX380840.1	2012	0.586	3	0
KX380839.1	2012	0.586	3	0
KC762684.1	2007	0.58022	3	0
JN406515.1	2008	0.58151	3	0
KC762691.1	2008	0.58171	3	0
KC762687.1	2008	0.57934	3	0
KC762689.1	2008	0.5793	3	0
KC762682.1	2007	0.57976	3	0
KC762681.1	2007	0.58031	3	0
KC762683.1	2007	0.58031	3	0
KC762688.1	2008	0.57976	3	0
KC762686.1	2007	0.58003	3	0
KC762690.1	2008	0.58003	3	0
KC762685.1	2008	0.58003	3	0
GU318314.1	2009	0.81094	19	64
KJ160504.1	2014	0.81962	4	0
JQ513336.1	2011	0.82951	4	0
JQ513337.1	2011	0.82832	4	0
JQ513334.1	2010	0.82916	4	0
JQ513335.1	2011	0.82729	4	0
KP140942.1	2014	0.83779	4	0
KT276273.1	2014	0.83749	4	0
EU854301.1	2007	0.83151	4	0
FJ882592.1	2008	0.83151	4	0
FJ882584.1	2007	0.83191	4	0
JQ513341.1	2010	0.83571	4	0
JQ513330.1	2010	0.83721	4	0
JQ513332.1	2010	0.8394	4	0
JQ513331.1	2010	0.83849	4	0
JQ513333.1	2010	0.83478	4	0
JQ513340.1	2010	0.835	4	0
FJ882580.1	2007	0.8313	4	0
FJ182016.1	2007	0.83153	4	0
JN819406.1	2006	0.83071	4	0
HQ332174.1	2007	0.83215	4	0
FJ882585.1	2007	0.83141	4	0
GQ199876.1	2007	0.83288	4	0
HQ332172.1	2007	0.82964	4	0
FJ182017.1	2007	0.83057	4	0
HQ332173.1	2007	0.83047	4	0
EU854300.1	2007	0.83208	4	0
FJ882581.1	2007	0.83194	4	0
FJ882582.1	2007	0.83296	4	0
FJ882588.1	2007	0.83273	4	0
HQ332175.1	2007	0.83142	4	0
FJ882587.1	2007	0.8316	4	0
FJ882586.1	2007	0.8317	4	0
JQ513339.1	2011	0.83501	4	0
JQ513344.1	2011	0.83821	4	0
JQ513338.1	2011	0.83552	4	0
JQ513342.1	2011	0.83472	4	0
JQ513343.1	2011	0.83714	4	0
HQ332176.1	2007	0.83089	4	0
KT794007.1	2011	0.8362	4	0
KJ596663.1	2012	0.8383	4	0
KJ579241.1	2012	0.83995	4	0
KJ579242.1	2012	0.83995	4	0
KJ596659.1	2012	0.83941	4	0
KJ596668.1	2012	0.8394	4	0
KJ596658.1	2012	0.83995	4	0
KJ579243.1	2012	0.8405	4	0
KJ596665.1	2012	0.8405	4	0
KJ579246.1	2012	0.83775	4	0
KJ596672.1	2012	0.83957	4	0
KJ579245.1	2012	0.84012	4	0
KJ596660.1	2012	0.84232	4	0
KJ596674.1	2012	0.84287	4	0
KJ596670.1	2012	0.84287	4	0
KJ579244.1	2012	0.84177	4	0
KJ596662.1	2012	0.84177	4	0
KJ596666.1	2012	0.84177	4	0
KU513441.1	2013	0.84124	4	0
KP188566.1	2013	0.84188	4	0
KP188565.1	2013	0.84735	4	0
KP188563.1	2013	0.84355	4	0
KP188562.1	2012	0.84298	4	0
KJ596673.1	2012	0.83902	4	0
KJ579240.1	2012	0.84077	4	0
KJ596671.1	2012	0.84076	4	0
KJ596669.1	2012	0.84012	4	0
KJ596664.1	2012	0.84012	4	0
KJ596667.1	2012	0.84012	4	0
KJ579248.1	2012	0.84013	4	0
KJ579247.1	2012	0.83902	4	0
KP188557.1	2012	0.84063	4	0
KP188561.1	2012	0.84096	4	2
KP188559.1	2012	0.84043	4	0
KP188558.1	2012	0.83998	4	0
KP188560.1	2012	0.83998	4	0
JN983813.1	2010	0.83621	4	0
KJ596661.1	2012	0.83805	4	0
KP188564.1	2013	0.83854	4	0
JN559741.2	2010	0.83454	4	0
EU854299.1	2007	0.83187	4	0
GQ868645.1	2007	0.83242	4	0
GQ868643.1	2007	0.83297	4	0
FJ882583.1	2007	0.83352	4	0
FJ882590.1	2007	0.83462	4	0
GQ868644.1	2007	0.83572	4	0
FJ882591.1	2007	0.83572	4	0
FJ882589.1	2007	0.83517	4	0
GQ868642.1	2007	0.83407	4	0
GU318310.1	2009	0.81691	19	64
GU318307.1	2009	0.8179	19	64
GU318306.1	2009	0.81788	19	64
GU318309.1	2009	0.81535	19	64
GU318308.1	2009	0.81761	19	64
GU318316.1	2009	0.81494	19	64
GU318312.1	2009	0.81328	19	64
GU318315.1	2009	0.81445	19	64
GU318313.1	2009	0.81514	19	64
GU318311.1	2009	0.81586	19	64
GU318318.1	2009	0.81569	19	64
GU318317.1	2009	0.81459	19	64
KU513442.1	2016	0.8124	4	0
KM190936.1	2006	0.81325	4	0
DI401647.1	2014	0.82097	4	0
DI403036.1	2014	0.82097	4	0
KC333651.1	2012	0.83512	4	0
JQ915089.1	2009	0.83424	4	0
JQ915086.1	2009	0.83404	4	0
JQ915083.1	2009	0.83421	4	0
JQ915082.1	2009	0.83476	4	0
JQ915081.1	2009	0.83476	4	0
JQ915087.1	2009	0.83389	4	0
JQ915090.1	2009	0.83426	4	0
JQ915088.1	2009	0.83391	4	0
JQ915084.1	2010	0.83494	4	0
JX024758.1	2010	0.83687	4	0
JX024757.1	2010	0.83687	4	0
LC069810.1	2015	0.83296	4	0
KC762698.1	2008	0.8345	4	0
JF741967.1	2010	0.83722	4	0
KP723482.1	2010	0.83749	4	0
JQ822247.1	2010	0.83749	4	0
KC762696.1	2007	0.83425	4	0
KC762694.1	2007	0.83369	4	0
KC762699.1	2008	0.83425	4	0
JQ915085.1	2008	0.83399	4	0
HQ875339.1	2008	0.83356	4	0
KC762697.1	2007	0.83269	4	0
KC762695.1	2007	0.83268	4	0
KP406806.1	2015	0.80153	4	0
KF955527.1	2007	0.84156	4	17
KF955516.1	2008	0.84231	4	0
KR922405.1	2011	0.84062	4	0
KT026309.1	2011	0.84207	4	0
KT026308.1	2011	0.84208	4	0
KT026310.1	2011	0.83956	4	0
JN638572.1	2008	0.85117	4	0
JN638571.1	2007	0.84123	4	1
KF955528.1	2007	0.84341	22	18
JN638570.1	2008	0.84065	4	0
KF955529.1	2007	0.83978	25	80
JQ513345.1	2011	0.8363	4	0
KF041260.1	2009	0.83383	4	0
JQ922560.1	2009	0.83471	4	0
JQ686088.2	2012	0.70452	7	0
KP406804.1	2015	0.70438	7	0
DL138662.1	2008	0.71702	7	15
KJ918750.1	2007	0.71032	7	0
LC121816.1	2016	0.74107	1	0
JX475906.1	2009	0.73414	1	0
KF041236.1	2008	0.74067	1	0
JQ955623.1	2009	0.73932	7	0
KF360005.1	2010	0.74383	1	0
KF041235.1	2009	0.74082	1	0
KJ010186.1	2013	0.74572	1	0
KF041234.1	2011	0.74323	1	0
KF041232.1	2011	0.74327	1	0
KM217157.1	2011	0.74585	1	0
KM217156.1	2011	0.74585	1	0
KJ010185.1	2011	0.7464	1	0
KM217158.1	2013	0.7464	1	0
KJ701507.1	2013	0.7464	1	0
KF041233.1	2011	0.74204	1	0
KF041237.1	2009	0.741	1	0
KJ830750.1	2014	0.74602	1	0
FJ898454.1	2006	0.73897	1	0
JQ955624.1	2011	0.74444	1	0
KF479233.1	2013	0.7432	1	0
KX380829.1	2013	0.74332	1	0
KX380828.1	2013	0.74296	1	0
LC111438.1	2016	0.74124	1	0
KX380836.1	2013	0.74987	1	0
KX380835.1	2013	0.74835	1	0
KX380809.1	2012	0.7489	1	0
KX380830.1	2013	0.75055	1	0
KX380833.1	2013	0.75055	1	0
KX380819.1	2012	0.75131	1	0
KX380810.1	2012	0.75121	1	0
KX380838.1	2013	0.75055	1	0
KX380822.1	2012	0.75013	1	0
KX380832.1	2013	0.75013	1	0
JF327392.1	2009	0.7403	1	0
KX380815.1	2012	0.75265	1	0
KX380818.1	2012	0.75238	1	0
EU359009.1	2007	0.74582	1	0
KC131142.1	2012	0.74982	1	0
KX380808.1	2012	0.75032	1	0
KC762668.1	2008	0.74617	1	0
KC762670.1	2007	0.74624	1	0
KC762669.1	2007	0.74624	1	0
KU365901.1	2015	0.7525	1	0
KU365903.1	2015	0.75305	1	0
KU365902.1	2015	0.75305	1	0
KC762673.1	2008	0.7485	1	0
KC762674.1	2008	0.7485	1	0
KC762677.1	2008	0.74872	1	0
KC762676.1	2007	0.74896	1	0
KC762675.1	2008	0.7496	1	0
JX470186.1	2010	0.74878	1	0
KP723479.1	2010	0.74878	1	0
KC762679.1	2010	0.75048	1	0
KC762680.1	2010	0.75048	1	0
KC762671.1	2008	0.74827	1	0
KC762672.1	2008	0.74827	1	0
EU482640.1	2006	0.74763	1	0
EU482672.1	2006	0.74715	1	0
EU179859.1	2006	0.76308	1	0
KP012546.1	2014	0.74991	1	0
KT187557.1	2014	0.7511	1	0
KP723478.1	2014	0.7511	1	0
KT187554.1	2014	0.75166	1	0
KT187555.1	2014	0.75165	1	0
KT187558.1	2014	0.75165	1	0
KT187553.1	2014	0.7522	1	0
KT187556.1	2014	0.7522	1	0
KX380807.1	2012	0.75164	1	0
KM279603.1	2007	0.74976	1	0
KR779782.1	2007	0.74976	1	0
JN851115.1	2007	0.74972	1	0
JN851117.1	2007	0.75166	1	0
JN851114.1	2007	0.75187	1	0
JN851122.1	2008	0.75253	1	0
GQ398267.1	2007	0.75238	1	0
GU370050.1	2007	0.75146	1	0
JN851120.1	2007	0.75176	1	0
JN851121.1	2008	0.75261	1	0
JN851116.1	2007	0.75187	1	0
KM279609.1	2009	0.75357	1	0
KM279517.1	2011	0.75561	1	0
KM279584.1	2011	0.75561	1	0
KM279585.1	2011	0.75565	1	0
KM279519.1	2011	0.75658	1	0
KX380821.1	2012	0.76303	1	0
KM279580.1	2013	0.76027	1	0
KM279577.1	2012	0.76082	1	0
KM279579.1	2012	0.76082	1	0
KX380824.1	2012	0.76027	1	0
KX380823.1	2012	0.76082	1	0
KX380820.1	2012	0.76082	1	0
KM279576.1	2012	0.76082	1	0
KM279578.1	2012	0.76137	1	0
KM279600.1	2012	0.76137	1	0
KM279599.1	2012	0.76137	1	0
KM279601.1	2012	0.76027	1	0
KM279598.1	2012	0.76027	1	0
KM279597.1	2012	0.76027	1	0
KM279571.1	2012	0.75917	1	0
KM279572.1	2012	0.76082	1	0
KM279573.1	2012	0.76082	1	0
KM279575.1	2012	0.76082	1	0
KM279574.1	2012	0.76082	1	0
KX380814.1	2012	0.76082	7	0
KX380813.1	2012	0.76082	1	0
KX380816.1	2012	0.76192	1	0
KX380827.1	2013	0.76192	1	0
KX380826.1	2013	0.76192	1	0
KX380837.1	2013	0.76192	1	0
KX380825.1	2013	0.76082	1	0
KM279566.1	2012	0.75807	1	0
KM279569.1	2012	0.75862	1	0
KM279595.1	2012	0.75917	1	0
KM279593.1	2012	0.75917	1	0
KM279582.1	2011	0.75717	1	0
KM279520.1	2011	0.75772	1	0
KM279515.1	2011	0.75772	1	0
KM279521.1	2011	0.75937	1	0
KM279522.1	2011	0.75937	1	0
KM279524.1	2011	0.75992	1	0
KM279583.1	2011	0.75992	1	0
KM279564.1	2012	0.76267	1	0
KM279562.1	2012	0.76322	1	0
KM279568.1	2012	0.76322	1	0
KM279559.1	2012	0.76212	1	0
KM279565.1	2012	0.76212	1	0
KM279563.1	2012	0.76212	1	0
KM279567.1	2012	0.76212	1	0
KM279558.1	2012	0.76212	1	0
KM279561.1	2012	0.76212	1	0
KX380817.1	2012	0.76221	1	0
KM279535.1	2012	0.76102	1	0
KM279555.1	2012	0.76102	1	0
KX380834.1	2013	0.76157	1	0
KX380811.1	2012	0.76212	1	0
KX380831.1	2013	0.76267	1	0
KX380812.1	2012	0.76267	1	0
KM279527.1	2011	0.76047	1	0
KM279551.1	2012	0.76157	1	0
KM279588.1	2012	0.76212	1	0
KM279590.1	2012	0.76212	1	0
KM279552.1	2012	0.76212	1	0
KM279546.1	2012	0.76267	1	0
KM279539.1	2012	0.76267	1	0
KM279538.1	2012	0.76487	1	0
KM279542.1	2012	0.76487	1	0
KM279533.1	2012	0.76542	1	0
KM279531.1	2012	0.76652	1	0
KM279547.1	2012	0.76652	1	0
KM279541.1	2012	0.76652	1	0
KM279587.1	2012	0.76652	1	0
KM279548.1	2012	0.76652	1	0
KM279540.1	2012	0.76652	1	0
KM279530.1	2012	0.76652	1	0
KM279545.1	2012	0.76652	1	0
KM279534.1	2012	0.76652	1	0
KM279536.1	2012	0.76652	1	0
KM279553.1	2012	0.76652	1	0
KM279554.1	2012	0.76652	1	0
KM279589.1	2012	0.76817	1	0
KM279549.1	2012	0.76817	1	0
KM279591.1	2012	0.76762	1	0
KM279537.1	2012	0.76817	1	0
KM279532.1	2012	0.76817	1	0
KM279592.1	2012	0.76817	1	0
KM279560.1	2012	0.76872	1	0
KM279557.1	2012	0.76872	1	0
KM279556.1	2012	0.76487	1	0
KM279550.1	2012	0.76377	1	0
KM279544.1	2012	0.76377	1	0
KM279543.1	2012	0.76377	1	0
KM279529.1	2012	0.76157	1	0
KM279513.1	2011	0.75882	1	0
KM279514.1	2011	0.75882	1	0
KM279586.1	2011	0.75882	1	0
KM279523.1	2011	0.75882	1	0
KM279516.1	2011	0.75937	1	0
KM279581.1	2011	0.75937	1	0
KM279526.1	2011	0.75882	1	0
KM279525.1	2011	0.75882	1	0
KM279518.1	2011	0.75827	1	0
KM279528.1	2012	0.75833	1	0
KM279594.1	2012	0.7586	1	0
KM279596.1	2012	0.75924	1	0
KM279570.1	2012	0.75924	1	0
KM279610.1	2010	0.75497	1	0
JN851118.1	2008	0.75272	1	0
KM279602.1	2008	0.75217	1	0
GQ398265.1	2008	0.75187	1	0
GQ398266.1	2007	0.75187	1	0
JN851119.1	2008	0.75132	1	0
JN851113.1	2006	0.74857	1	0
KM279605.1	2009	0.75053	1	0
KM279606.1	2010	0.75204	1	0
KM279607.1	2010	0.75225	1	0
KM279608.1	2010	0.75299	1	0
GU370051.1	2008	0.75023	1	0
KM279604.1	2008	0.75023	1	0
KC762660.1	2007	0.74537	1	0
KC762656.1	2007	0.74831	1	0
KC762655.1	2007	0.74803	1	0
KC762658.1	2007	0.74713	1	0
KC762661.1	2007	0.74902	1	0
KC762662.1	2007	0.74894	1	0
KC762664.1	2008	0.74998	1	0
KC762663.1	2008	0.74952	1	0
KC762678.1	2010	0.75132	1	0
KC762665.1	2007	0.74748	1	0
KC762667.1	2008	0.74872	1	0
KC762666.1	2008	0.74872	1	0
KC762657.1	2008	0.74687	1	0
KC762659.1	2008	0.74687	1	0
JN851128.1	2006	0.74687	1	0
JN851129.1	2006	0.7469	1	0
DQ645541.1	2006	0.74292	1	0
DQ645555.1	2006	0.74343	1	0
DQ645556.1	2006	0.74559	1	0
DQ645547.1	2006	0.74618	1	0
DQ645550.1	2006	0.74628	1	0
DQ645548.1	2006	0.74508	1	0
DQ645546.1	2006	0.74618	1	0
DQ645549.1	2006	0.74618	1	0
DQ645551.1	2006	0.74563	1	0
DQ645554.1	2006	0.74618	1	0
DQ645552.1	2006	0.74618	1	0
DQ645553.1	2006	0.74564	1	0
DQ645545.1	2006	0.74398	1	0
DQ645540.1	2006	0.74347	1	0
DQ645543.1	2006	0.74402	1	0
DQ645544.1	2006	0.74402	1	0
DQ645542.1	2006	0.74347	1	0
KR920365.1	2015	0.74161	1	0
EU482664.1	2006	0.74407	1	0
EU482449.1	2006	0.7464	1	0
EU482666.1	2006	0.74678	1	0
EU482660.1	2006	0.74687	1	0
EU482662.1	2006	0.7474	1	0
EU482648.1	2006	0.7474	1	0
EU596491.1	2007	0.75415	1	0
EU482726.1	2006	0.76286	1	0
EU920849.1	2006	0.75753	1	1
EU920845.1	2006	0.75702	1	0
EU920848.1	2006	0.75701	1	0
EU920844.1	2006	0.75802	1	1
JX669478.1	2010	0.76121	1	0
JX567951.1	2008	0.76183	1	0
JX286523.1	2010	0.76291	1	0
JX286516.1	2010	0.76346	1	0
JX286517.1	2010	0.76346	1	0
JX286526.1	2010	0.76301	1	0
JX286520.1	2010	0.76321	1	0
KP188569.1	2014	0.76562	1	0
KC294209.1	2011	0.76589	1	0
KC294202.1	2010	0.76589	1	0
KC294213.1	2011	0.76699	1	0
KC294211.1	2011	0.7681	1	0
KC294215.1	2010	0.7681	1	0
KC294210.1	2011	0.76809	1	0
KC294208.1	2011	0.76754	1	0
KC294218.1	2011	0.76644	1	0
KC294207.1	2011	0.76594	1	0
KC294205.1	2011	0.7659	1	0
KC294212.1	2011	0.76699	1	0
KC294203.1	2010	0.76699	1	0
KC294219.1	2010	0.76644	1	0
KC294220.1	2010	0.76534	1	0
KC294206.1	2011	0.76534	1	1
KC294204.1	2011	0.76589	1	0
KC294221.1	2010	0.76644	1	0
KC294214.1	2011	0.76645	1	0
KC294223.1	2010	0.76479	1	0
KC294217.1	2010	0.76369	1	5
JX286519.1	2010	0.76302	1	0
JX286524.1	2010	0.76355	1	0
JX286525.1	2010	0.76355	1	0
JX286518.1	2010	0.76245	1	0
JX286521.1	2010	0.76245	1	0
JX286522.1	2010	0.76245	1	0
KP188555.1	2013	0.76463	1	0
KP188549.1	2006	0.76737	1	1
KP188553.1	2013	0.76852	1	0
KP188551.1	2012	0.76792	1	0
KP188552.1	2012	0.76518	1	0
KP188556.1	2013	0.7647	1	0
KP188554.1	2013	0.7647	1	0
JX567950.1	2008	0.767	1	0
JX669477.1	2010	0.76171	1	0
FJ850091.1	2007	0.76041	1	0
HQ026763.1	2008	0.76041	1	0
GU131881.1	2008	0.76073	1	0
GU131885.1	2008	0.76323	1	0
GU131879.1	2008	0.76323	1	0
GQ868549.1	2008	0.76323	1	0
GQ868551.1	2008	0.7645	1	0
GU131880.1	2008	0.76433	1	0
HM181971.1	2008	0.76488	1	0
GU131882.1	2008	0.76488	1	0
GU131864.1	2008	0.76433	1	0
GQ868550.1	2008	0.76213	1	0
GU131883.1	2008	0.76158	1	0
GU131884.1	2008	0.76103	1	0
JX669479.1	2010	0.76046	1	0
JX669476.1	2010	0.76112	1	0
EU920846.1	2006	0.76004	1	0
EU920850.1	2006	0.76108	1	0
EU920847.1	2006	0.75974	1	0
GQ199890.1	2008	0.76098	1	0
KP188550.1	2008	0.76337	1	0
GQ199892.1	2007	0.7599	1	0
FJ639822.1	2006	0.75112	7	0
KF955346.1	2007	0.75301	17	14
EU482607.1	2007	0.75267	1	0
GQ868497.1	2006	0.75492	1	0
GU131959.1	2006	0.75732	1	0
KJ189310.1	2007	0.7575	1	0
GQ868515.1	2007	0.7575	1	0
GU131974.1	2007	0.75805	1	0
GQ868516.1	2007	0.75805	1	0
KF955395.1	2007	0.75807	1	0
GU131975.1	2007	0.75704	1	0
KJ189311.1	2007	0.75704	1	0
FJ898439.1	2008	0.75418	1	0
JN819422.1	2008	0.75568	1	0
KJ189309.1	2010	0.75667	20	0
KJ189308.1	2009	0.75724	1	0
EU482682.1	2006	0.75772	1	0
EU482687.1	2006	0.75893	1	0
HQ541792.1	2008	0.76019	1	0
FJ205885.1	2008	0.76019	1	0
EU596483.1	2006	0.75865	1	0
EU482691.1	2006	0.75906	1	0
FJ744709.1	2008	0.76005	1	0
EU482683.1	2006	0.75901	1	0
EU482620.1	2006	0.75901	1	0
EU482692.1	2006	0.75902	1	0
FJ744742.1	2006	0.75836	1	0
JN819424.1	2006	0.76022	1	0
EU482684.1	2006	0.75905	1	0
HQ733861.1	2006	0.75905	1	0
EU482694.1	2007	0.76001	1	0
FJ744743.1	2007	0.7605	1	0
EU482690.1	2006	0.76056	1	0
HM631867.1	2006	0.76056	1	0
EU482601.1	2007	0.76056	1	0
EU482638.1	2007	0.76056	1	0
GQ199896.1	2006	0.76056	1	0
EU596496.1	2007	0.76221	1	0
FJ744703.1	2007	0.76441	1	0
JN819421.1	2007	0.76677	20	0
JN819420.1	2007	0.76616	1	0
FJ850051.1	2007	0.76561	1	0
EU569702.1	2007	0.76506	1	0
EU569693.1	2007	0.76496	1	0
FJ547090.1	2007	0.76496	1	0
FJ810418.1	2008	0.76643	1	0
JX079688.1	2008	0.76606	1	0
FJ744706.1	2007	0.76634	1	0
FJ898479.1	2007	0.76634	1	0
HM631865.1	2007	0.76606	1	0
EU482623.1	2007	0.76606	1	0
HQ541787.1	2007	0.76606	1	0
FJ882593.1	2007	0.76606	1	0
GQ199868.1	2007	0.76496	1	0
EU482621.1	2007	0.76551	1	0
EU569694.1	2007	0.76551	1	0
FJ478459.1	2007	0.76606	1	0
EU482627.1	2007	0.76661	1	0
FJ390391.1	2007	0.76716	1	0
FJ639836.1	2007	0.76771	1	0
EU660404.1	2007	0.76826	1	0
EU596497.1	2007	0.76826	1	0
EU596495.1	2007	0.76441	1	0
EU569697.1	2007	0.76771	1	0
KF955369.1	2007	0.76826	1	0
EU482622.1	2007	0.76826	1	0
EU569692.1	2007	0.76991	1	0
FJ744707.1	2007	0.77046	1	0
FJ898434.1	2007	0.77046	1	0
EU482625.1	2007	0.76936	1	0
EU660406.1	2007	0.77046	1	0
EU569700.1	2007	0.77046	1	0
EU569701.1	2007	0.77046	1	0
KF955366.1	2007	0.77046	1	0
EU596498.1	2007	0.76991	1	0
EU569698.1	2007	0.76992	1	0
JX079690.1	2007	0.76991	20	0
FJ898432.1	2007	0.76991	20	0
JF357906.1	2008	0.78449	1	0
JF730052.1	2009	0.773	1	0
HQ705625.1	2009	0.77355	1	0
JF730051.1	2009	0.77355	1	0
JX079691.1	2007	0.77002	20	85
FJ850116.1	2007	0.76881	1	0
EU482630.1	2007	0.76881	1	0
HQ634199.1	2007	0.76881	1	0
FJ182014.1	2007	0.76881	1	0
JF357907.1	2007	0.76936	1	0
JF357905.1	2007	0.76936	1	0
GQ199866.1	2007	0.76661	1	0
FJ639834.1	2007	0.76716	1	0
EU482628.1	2007	0.76771	1	0
EU482626.1	2007	0.76771	1	0
EU482624.1	2007	0.76771	1	0
FJ906960.1	2007	0.76771	1	0
GQ199869.1	2007	0.76716	1	0
EU569695.1	2007	0.76606	1	0
FJ373301.1	2007	0.76606	1	0
EU569696.1	2007	0.76496	1	0
EU621672.1	2007	0.76441	1	0
FJ850050.1	2007	0.76518	1	0
FJ373300.1	2007	0.76331	1	0
EU596499.1	2007	0.76166	1	0
FJ639833.1	2007	0.76221	1	0
FJ744708.1	2007	0.7638	1	0
EU660405.1	2007	0.76166	1	0
EU482686.1	2006	0.76001	1	0
EU482773.1	2006	0.76111	1	0
HQ541786.1	2006	0.76111	1	0
EU482685.1	2006	0.76057	1	0
EU482772.1	2006	0.75946	1	0
FJ639837.1	2007	0.75949	1	0
EU596500.1	2007	0.76023	1	0
FJ639835.1	2007	0.76004	1	0
EU482696.1	2006	0.75752	1	0
EU482693.1	2006	0.75825	1	0
HM631866.1	2006	0.75825	1	0
EU482603.1	2007	0.75767	1	0
EU482634.1	2006	0.75791	1	0
EU482689.1	2006	0.75791	1	0
HQ999999.1	2009	0.75989	1	0
KJ189370.1	2011	0.76126	1	0
FJ882594.1	2007	0.76027	1	0
EU482444.1	2006	0.75884	1	0
EU482688.1	2006	0.75994	1	0
EU569699.1	2007	0.76286	1	0
FJ410291.1	2007	0.76286	1	0
HQ541788.1	2007	0.76239	1	0
FJ390390.1	2007	0.76293	1	0
GQ868646.1	2007	0.76293	1	0
HQ705624.1	2009	0.76213	1	0
EU482629.1	2007	0.76062	1	0
EU482639.1	2006	0.76154	1	0
FJ850067.1	2006	0.76154	1	0
EU482633.1	2006	0.76231	1	0
FJ744741.1	2006	0.75874	1	0
GQ868558.1	2007	0.7559	1	0
GU131947.1	2007	0.75592	1	0
JN819407.1	2007	0.75945	1	0
FJ850108.1	2008	0.75912	1	0
HQ332188.1	2007	0.75895	1	0
HQ332186.1	2007	0.75886	1	0
HQ332189.1	2007	0.75534	1	0
HQ332184.1	2006	0.7557	1	0
FJ850106.1	2008	0.75617	1	0
HQ332185.1	2007	0.7568	1	0
FJ850107.1	2008	0.75773	1	0
EU482604.1	2007	0.75863	1	0
EU482606.1	2007	0.75863	1	0
EU482608.1	2007	0.75863	1	0
EU482605.1	2007	0.75986	1	0
HQ332187.1	2007	0.75808	1	0
HQ332190.1	2007	0.75808	1	0
GQ868641.1	2007	0.75814	1	0
FJ850105.1	2007	0.75869	1	0
KF955365.1	2013	0.75924	1	0
KF955385.1	2007	0.75926	1	0
FJ850088.1	2006	0.75726	1	0
KF955360.1	2006	0.75156	1	0
EU482553.1	2006	0.75745	1	0
EU482552.1	2006	0.7581	1	0
KF955364.1	2006	0.758	1	0
EU482725.1	2006	0.75614	1	0
EU482544.1	2006	0.75716	1	0
EU596488.1	2007	0.75771	1	0
EU596490.1	2007	0.75937	1	0
EU482548.1	2006	0.75883	1	0
EU482719.1	2006	0.75881	1	0
EU482549.1	2006	0.75881	1	0
EU482720.1	2006	0.75756	1	0
EU482551.1	2006	0.75859	1	0
KF955359.1	2006	0.75811	1	0
EU596489.1	2007	0.75803	1	0
EU482721.1	2006	0.76416	1	0
EU529706.1	2006	0.76231	1	0
KC294201.1	2009	0.75272	1	0
KC294200.1	2007	0.75152	1	0
KU725663.1	2016	0.71577	1	0
DI402999.1	2014	0.71632	1	0
DI402998.1	2014	0.71724	1	0
DI191092.1	2009	0.71724	1	0
HV317819.1	2010	0.71724	1	0
FW366603.1	2010	0.71724	1	0
DI401644.1	2014	0.71724	1	1
DI403032.1	2014	0.71687	1	0
DI401645.1	2014	0.71687	1	0
KU725664.1	2016	0.71742	1	0
GU131927.1	2007	0.74847	1	0
GU131931.1	2008	0.75025	1	0
JF730046.1	2008	0.75025	1	0
GQ868625.1	2008	0.7514	1	0
FJ639718.1	2008	0.75098	1	0
GQ868624.1	2007	0.75101	1	0
GU131898.1	2008	0.7522	1	0
GU131901.1	2008	0.75213	1	0
GU131900.1	2008	0.75246	1	0
GU131902.1	2008	0.75211	1	0
GQ868631.1	2008	0.75133	1	0
GU131929.1	2008	0.75084	1	0
JF730045.1	2008	0.7517	1	0
GU131928.1	2008	0.75194	1	0
KF955401.1	2008	0.75281	1	0
KF955402.1	2008	0.75353	1	0
GU131932.1	2008	0.74943	1	0
GU131924.1	2008	0.75526	1	0
GU131897.1	2007	0.74903	1	0
KF955399.1	2008	0.75118	1	0
EU687249.1	2007	0.74853	1	0
EU482670.1	2006	0.75071	1	0
EU482656.1	2006	0.75145	1	0
EU482699.1	2007	0.75263	1	0
FJ562098.1	2007	0.75247	1	0
EU482701.1	2007	0.75356	1	0
EU482700.1	2007	0.75281	1	0
EU482702.1	2007	0.75336	1	0
EU482474.1	2007	0.75391	1	0
EU482698.1	2007	0.75391	1	0
FJ432724.1	2007	0.7527	1	0
FJ410217.1	2007	0.7527	1	0
FJ873811.1	2006	0.75242	1	0
EU482653.1	2006	0.75242	1	0
EU482467.1	2006	0.752	1	0
EU482679.1	2007	0.75275	1	0
EU482671.1	2006	0.752	1	0
EU482465.1	2006	0.75254	1	0
EU482646.1	2006	0.75309	1	0
FJ205879.1	2007	0.75448	1	0
FJ410193.1	2007	0.75542	1	0
FJ410202.1	2007	0.75339	1	0
EU482475.1	2007	0.75223	1	0
GU131899.1	2008	0.75422	1	0
EU482703.1	2007	0.75204	1	0
FJ390385.1	2007	0.75212	1	0
FJ410223.1	2007	0.75478	1	0
EU569721.1	2006	0.75319	1	0
EU482466.1	2006	0.75323	1	0
EU482673.1	2006	0.75282	1	0
EU482644.1	2006	0.75337	1	0
EU482645.1	2006	0.75347	1	0
FJ461309.1	2008	0.75468	1	0
EU482542.1	2006	0.75411	1	0
FJ461305.1	2007	0.75421	1	0
JF730049.1	2007	0.75452	1	0
FJ410241.1	2008	0.75346	1	0
FJ205880.1	2007	0.75341	1	0
JQ045676.1	2011	0.75905	1	0
JQ045675.1	2011	0.7585	1	1
JQ045671.1	2011	0.75764	1	0
JQ045672.1	2011	0.75773	13	3
FJ410237.1	2008	0.75475	1	0
EU482652.1	2006	0.75502	1	0
EU482543.1	2006	0.75529	1	0
EU482450.1	2006	0.75529	1	0
FJ390387.1	2007	0.75568	1	0
FJ410219.1	2007	0.75531	1	0
FJ547064.1	2007	0.75521	1	0
EU482697.1	2007	0.7552	1	0
FJ205878.1	2007	0.75575	1	0
FJ390384.1	2007	0.75575	1	0
FJ461311.1	2008	0.75484	1	0
FJ410233.1	2008	0.75503	1	0
FJ410200.1	2007	0.75494	1	0
FJ410208.1	2007	0.75493	1	0
JQ045679.1	2011	0.75899	1	0
JQ045678.1	2011	0.75899	1	0
JQ045669.1	2011	0.75867	1	0
JQ045680.1	2011	0.7584	1	0
JQ045684.1	2011	0.75956	1	2
JQ045683.1	2011	0.75921	1	0
JQ045686.1	2011	0.76105	1	0
JQ045685.1	2011	0.76021	1	0
EU677137.1	2007	0.75457	1	0
EU677148.1	2007	0.75457	1	0
FJ859028.1	2007	0.75528	1	0
EU482473.1	2006	0.75476	1	0
FJ373299.1	2007	0.75512	1	0
EU677138.1	2007	0.75522	1	0
FJ024454.1	2007	0.75726	1	0
EU660414.1	2007	0.7543	1	0
EU482704.1	2007	0.7543	1	0
EU482654.1	2006	0.75228	1	0
EU482650.1	2006	0.752	1	0
FJ461314.1	2007	0.75209	1	0
FJ547067.1	2007	0.7535	1	0
FJ410195.1	2007	0.75282	1	0
EU482470.1	2006	0.75235	1	0
EU660417.1	2007	0.75501	1	0
EU687250.1	2007	0.75556	1	0
EU726776.1	2007	0.75556	1	0
EU687248.1	2007	0.75446	1	0
EU660416.1	2007	0.75446	1	0
FJ205877.1	2007	0.75761	1	0
EU677149.1	2007	0.75604	1	0
FJ024452.1	2007	0.75319	1	0
EU482642.1	2006	0.75191	1	0
EU482665.1	2006	0.75025	1	0
EU482667.1	2006	0.75087	1	0
EU482663.1	2006	0.75104	1	0
EU482676.1	2006	0.7512	1	0
FJ024458.1	2007	0.75095	1	0
FJ024461.1	2007	0.75169	1	0
EU660415.1	2007	0.7515	1	0
EU482658.1	2006	0.75051	1	0
EU482643.1	2006	0.75051	1	0
EU482675.1	2006	0.75083	1	0
EU482446.1	2006	0.75111	1	0
EU482445.1	2006	0.75138	1	0
EU482447.1	2006	0.75221	1	0
EU482659.1	2006	0.75258	1	0
EU482678.1	2006	0.75083	1	0
EU482448.1	2006	0.74992	1	0
EU482464.1	2006	0.75059	1	0
EU482705.1	2007	0.75127	1	0
FJ410221.1	2007	0.74952	1	0
EU482451.1	2006	0.75048	1	0
EU482677.1	2006	0.75038	1	0
FJ410224.1	2007	0.75113	1	0
EU482655.1	2006	0.74965	1	0
EU482647.1	2006	0.74992	1	0
FJ410215.1	2008	0.75058	1	0
JQ045682.1	2011	0.7528	1	0
JQ045677.1	2011	0.75334	15	0
JQ045670.1	2011	0.75423	1	0
JQ045681.1	2011	0.75356	1	0
JQ045673.1	2011	0.75345	16	0
JQ045674.1	2011	0.75359	1	0
EU482661.1	2006	0.7484	1	0
EU482669.1	2006	0.74875	1	0
EU482651.1	2006	0.74859	1	0
EU482649.1	2006	0.74952	1	0
EU482657.1	2006	0.7493	1	0
EU482468.1	2006	0.7507	1	0
EU482641.1	2006	0.74954	1	0
EU482469.1	2006	0.75203	1	0
FJ410259.1	2008	0.75259	1	0
EU482541.1	2006	0.75129	1	0
FJ432726.1	2007	0.75157	1	0
EU482668.1	2006	0.75101	1	0
EU482471.1	2006	0.7513	1	0
FJ461321.1	2007	0.75111	1	0
FJ410228.1	2007	0.75222	1	0
FJ410288.1	2007	0.75097	1	0
EU660413.1	2007	0.75097	1	0
EU482463.1	2006	0.74967	1	0
EU482674.1	2006	0.7493	1	0
GQ868638.1	2008	0.74878	1	0
GU131896.1	2007	0.74777	1	0
JN368476.1	2007	0.75106	1	0
FJ639717.1	2007	0.74892	1	0
JF730047.1	2008	0.74951	1	0
GU131930.1	2008	0.75006	1	0
JF730048.1	2008	0.75006	1	0
KJ734727.1	2014	0.72251	1	0
JF730050.1	2007	0.70771	1	0
JF730055.1	2009	0.70909	1	0
JF730053.1	2006	0.70709	1	0
HQ891023.1	2008	0.70654	1	0
JN796245.1	2008	0.70824	7	0
HQ541799.1	2010	0.71064	1	0
HQ541798.1	2009	0.71051	1	0
KM587709.1	2014	0.70883	1	0
JF730054.1	2009	0.71065	1	0
HQ891024.1	2008	0.70877	1	0
KU094070.1	2015	0.70562	1	0
FJ906968.1	2009	0.70651	1	0
FJ906969.1	2009	0.70651	1	0
GQ199900.1	2008	0.70675	1	0
GQ199901.1	2008	0.70713	1	0
GQ199899.1	2008	0.70713	1	0
FJ906966.1	2009	0.70541	1	0
FJ906967.1	2009	0.70541	1	0
FJ906959.1	2008	0.70486	1	0
JF260983.1	2009	0.75534	5	0
FJ467493.1	2008	0.74445	8	0
FJ850090.1	2007	0.12865	2	0
KP188545.1	2013	0.13509	2	0
KP188568.1	2014	0.13544	2	0
KP188543.1	2012	0.13622	2	0
KP188544.1	2012	0.13279	2	0
KF672759.1	2010	0.13189	2	0
KP188548.1	2013	0.13068	2	0
KP188567.1	2013	0.13068	2	0
KP188546.1	2013	0.13068	2	0
KP188547.1	2013	0.13068	2	0
KC692513.1	2010	0.12783	2	0
GU131863.1	2008	0.12769	2	0
KC692511.1	2010	0.12819	2	0
KP188539.1	2010	0.12781	2	0
JX669465.1	2010	0.12805	2	0
JX669461.1	2010	0.12879	2	0
JX669464.1	2010	0.12751	2	0
FJ850087.1	2006	0.12574	2	0
JN903578.1	2007	0.12863	0	0
FJ384655.1	2008	0.11877	0	0
JQ675358.1	2010	0.13006	2	0
FJ562104.1	2006	0.12794	0	0
GQ199858.1	2008	0.12981	0	0
GQ199857.1	2008	0.13036	0	0
KF973469.1	2012	0.1336	0	0
KF973465.1	2012	0.13415	0	0
KF973461.1	2012	0.1347	0	0
KF973468.1	2012	0.1347	0	0
KF973453.1	2011	0.13274	0	0
KF973471.1	2012	0.13416	0	0
KF973457.1	2012	0.13329	0	0
KF973464.1	2012	0.13283	0	0
KF973470.1	2012	0.13283	0	0
KF973462.1	2011	0.13296	0	0
KF973459.1	2011	0.13265	0	0
FJ547088.1	2008	0.12926	0	0
JN819403.1	2006	0.12751	0	0
GQ868536.1	2008	0.12721	0	0
KJ189321.1	2007	0.12732	2	0
KJ189320.1	2007	0.12732	2	0
GU131966.1	2007	0.12702	2	0
GQ868517.1	2007	0.12784	2	0
GQ868524.1	2007	0.12784	2	0
GQ868498.1	2006	0.12647	0	0
GU131960.1	2007	0.12646	0	0
KJ189313.1	2008	0.12632	0	0
KJ189337.1	2008	0.12779	0	0
GQ868503.1	2007	0.12793	0	0
GU131968.1	2007	0.12793	0	0
GU131964.1	2007	0.12751	0	0
GU131976.1	2007	0.12868	0	0
GQ868539.1	2008	0.12993	0	0
KJ189327.1	2007	0.13116	0	0
GQ868509.1	2007	0.13043	0	0
KF955443.1	2007	0.13188	0	0
GQ868527.1	2007	0.13098	0	0
KJ189338.1	2008	0.13147	0	0
GQ868535.1	2008	0.1315	0	0
GU131957.1	2006	0.12921	0	0
HM631855.1	2007	0.13045	0	0
GQ868501.1	2007	0.13126	0	0
KF955422.1	2007	0.13126	2	38
KJ189318.1	2007	0.13126	0	0
KJ189332.1	2008	0.13251	0	0
KJ189333.1	2008	0.13251	0	0
KJ189343.1	2009	0.13424	2	0
KF955433.1	2008	0.13368	2	83
KJ189331.1	2008	0.13349	0	0
KJ189345.1	2009	0.13349	0	0
KJ189319.1	2007	0.12972	2	0
KF955428.1	2007	0.13	2	56
GU131961.1	2007	0.13014	2	0
KF955442.1	2007	0.13029	2	0
KJ189339.1	2008	0.12994	2	0
GU131958.1	2006	0.12821	0	0
KF955419.1	2007	0.1286	2	16
JF937644.1	2009	0.12865	2	0
JQ287666.1	2009	0.12916	2	0
JF937645.1	2009	0.1292	2	0
FJ810419.1	2006	0.12787	2	0
FJ547068.1	2006	0.12789	0	0
FJ024479.1	2006	0.12945	0	0
GU131983.1	2008	0.12969	0	0
KF955420.1	2007	0.13146	2	31
KJ189324.1	2007	0.12935	0	0
KJ189307.1	2011	0.13265	2	0
KJ189369.1	2011	0.1318	2	0
KJ189347.1	2009	0.13133	0	0
GQ868537.1	2008	0.13099	0	0
KJ189323.1	2007	0.13154	0	0
GQ868530.1	2008	0.13154	0	0
KJ189306.1	2011	0.13236	2	0
KJ189368.1	2012	0.13434	0	0
GQ868511.1	2007	0.1304	0	0
GU131963.1	2007	0.13011	2	0
KJ189317.1	2007	0.13011	2	0
GU131962.1	2007	0.13187	2	0
HQ166035.1	2007	0.13233	2	0
GU131971.1	2007	0.13241	2	0
KF955421.1	2007	0.13243	2	26
GQ868534.1	2008	0.13388	2	0
KJ189335.1	2008	0.13446	2	0
KJ189334.1	2008	0.13446	2	0
GQ868525.1	2007	0.13305	0	0
GQ868504.1	2007	0.13305	2	0
GQ868523.1	2007	0.13415	2	0
GU131978.1	2007	0.1358	2	0
GU131972.1	2007	0.13635	2	0
GU131980.1	2007	0.1371	2	0
KJ189344.1	2009	0.13834	2	0
KJ189340.1	2008	0.13979	0	0
KJ189336.1	2008	0.1398	0	0
GU131967.1	2007	0.14066	2	0
KJ189322.1	2007	0.13855	2	0
KJ189315.1	2008	0.1391	2	0
KJ189330.1	2007	0.1391	2	0
GU131973.1	2007	0.14051	2	0
GQ868531.1	2008	0.1358	2	0
GU131982.1	2008	0.1358	2	0
GQ868526.1	2007	0.1347	2	0
GQ868512.1	2007	0.1336	2	0
GQ868506.1	2007	0.1325	2	0
KF955424.1	2007	0.1402	2	28
GQ868521.1	2007	0.13085	2	0
KF955417.1	2006	0.12946	2	39
KF955416.1	2006	0.12946	2	52
GQ868500.1	2007	0.12886	0	0
GQ868520.1	2007	0.12993	0	0
GQ868532.1	2008	0.13042	0	0
GQ868522.1	2007	0.13151	2	0
KJ189314.1	2008	0.13206	2	0
GQ868538.1	2008	0.13206	2	0
GQ868508.1	2007	0.13261	2	0
GU131977.1	2007	0.13371	2	0
GU131981.1	2007	0.13427	2	0
GQ868528.1	2007	0.13481	2	0
GQ868519.1	2007	0.13536	2	0
GU131984.1	2008	0.13536	2	0
GU131979.1	2007	0.13335	0	0
GQ868507.1	2007	0.13261	2	0
GQ868513.1	2007	0.13261	2	0
GQ868514.1	2007	0.13206	2	0
KJ189316.1	2009	0.13206	2	0
GU131969.1	2007	0.13041	2	0
KF955415.1	2006	0.13011	2	52
GQ868529.1	2008	0.1307	0	0
GU131956.1	2006	0.13041	0	0
GQ868505.1	2007	0.13124	0	0
GQ868502.1	2007	0.13133	0	0
KJ189326.1	2007	0.13066	0	0
KJ189325.1	2007	0.13064	0	0
KJ189312.1	2008	0.13058	0	0
HQ166037.1	2008	0.13058	0	0
GQ868518.1	2007	0.13061	0	0
HQ166036.1	2007	0.1306	0	0
KJ189329.1	2007	0.13207	0	0
KJ189346.1	2009	0.13269	0	0
GQ868533.1	2008	0.1318	0	0
GU131965.1	2007	0.13006	0	0
KF955427.1	2007	0.13184	0	0
FJ898433.1	2007	0.128	2	0
KJ189328.1	2007	0.12871	0	0
GU131970.1	2007	0.12871	0	0
GQ868510.1	2007	0.12801	0	0
GQ868499.1	2006	0.12711	0	0
KJ189341.1	2009	0.12941	0	0
KJ189342.1	2009	0.12941	0	0
JN819415.1	2006	0.12063	2	0
HQ332182.1	2006	0.1249	2	0
HQ332183.1	2007	0.1249	0	0
KJ189348.1	2011	0.12883	0	0
KJ189349.1	2011	0.12883	0	0
GQ199859.1	2008	0.12603	0	0
KF973474.1	2012	0.12833	0	0
KF973455.1	2012	0.12888	0	0
KF973458.1	2012	0.12943	0	0
KF973456.1	2012	0.12998	0	0
KF973454.1	2012	0.12998	0	0
KF973460.1	2011	0.12799	0	0
KF973472.1	2012	0.12864	2	0
JF937635.1	2009	0.12743	2	0
KF973463.1	2012	0.1283	2	0
KF973473.1	2012	0.12982	2	0
KF973466.1	2012	0.12998	0	0
KF973467.1	2012	0.12998	0	0
KF973475.1	2012	0.12892	0	0
FJ850104.1	2008	0.12398	0	0
GQ868568.1	2007	0.12829	2	0
GQ868567.1	2007	0.1288	0	0
GQ868564.1	2006	0.12746	2	0
GQ868569.1	2007	0.12832	2	0
GQ868566.1	2007	0.12793	0	0
GQ868563.1	2006	0.12839	0	0
GQ868565.1	2006	0.12893	0	0
GU131949.1	2006	0.12893	2	0
GQ868570.1	2008	0.12996	0	0
KC692517.1	2010	0.13111	2	0
FJ639806.1	2007	0.12789	0	0
KF955413.1	2006	0.12844	26	26
FJ639818.1	2006	0.12908	0	0
JN819405.1	2006	0.13086	0	0
FJ850093.1	2008	0.13119	0	0
FJ850100.1	2007	0.13045	0	0
HQ332180.1	2006	0.13046	0	0
JN819413.1	2006	0.13082	0	0
JN819414.1	2007	0.13195	0	0
FJ639823.1	2006	0.13112	0	0
HQ332179.1	2007	0.13003	0	0
HQ332178.1	2006	0.13058	2	0
HQ332177.1	2006	0.13058	2	0
GU131842.1	2007	0.1311	2	0
FJ882579.1	2007	0.1312	2	0
FJ639820.1	2006	0.13159	0	0
EU482609.1	2007	0.1334	0	0
FJ850101.1	2007	0.13395	0	0
FJ873809.1	2007	0.13395	0	0
FJ639824.1	2006	0.12973	0	0
FJ850099.1	2007	0.12955	0	0
FJ639821.1	2006	0.12826	0	0
FJ639819.1	2006	0.12864	2	0
KC692516.1	2010	0.12833	0	0
GU131839.1	2006	0.12934	2	0
HQ332181.1	2006	0.12934	2	0
KJ189358.1	2012	0.13368	0	0
KJ189359.1	2012	0.13179	0	0
KJ189351.1	2012	0.13326	2	0
KJ189355.1	2012	0.14262	2	0
KJ189361.1	2010	0.14532	0	0
KJ189356.1	2012	0.14511	2	0
KJ189363.1	2010	0.14594	0	0
KJ189365.1	2010	0.14635	2	0
KJ189367.1	2010	0.14635	2	0
KJ189352.1	2012	0.14402	2	0
KJ189357.1	2012	0.14341	2	0
KJ189360.1	2010	0.14341	2	0
KJ189366.1	2010	0.13628	0	0
KT279761.1	2014	0.13418	2	0
KJ189353.1	2012	0.13471	2	0
KJ189350.1	2012	0.13558	2	0
KJ189354.1	2012	0.13652	0	0
KJ189362.1	2010	0.13703	2	0
KJ189364.1	2010	0.13669	2	0
EU482591.1	2006	0.12998	2	0
FJ639815.1	2006	0.12975	0	0
GQ199877.1	2007	0.13104	0	0
KF955441.1	2007	0.13458	0	0
FJ873810.1	2007	0.13158	0	0
GU131841.1	2007	0.13157	0	0
EU482610.1	2007	0.13158	0	0
FJ850102.1	2007	0.13213	0	0
GU131840.1	2007	0.13213	0	0
EU482611.1	2007	0.131	0	0
GU131838.1	2006	0.12873	2	0
FJ850103.1	2008	0.12973	2	0
KC692495.1	2009	0.1309	0	0
KP188541.1	2011	0.134	0	0
KP188540.1	2011	0.13312	2	0
KP188542.1	2011	0.13318	0	0
KF672760.1	2011	0.13336	0	0
KC692508.1	2009	0.13265	0	0
KC692496.1	2009	0.13209	2	0
JX669466.1	2010	0.13237	2	0
JX669463.1	2010	0.13301	2	0
JX669462.1	2010	0.13328	0	0
KC692514.1	2010	0.13347	2	0
KC692510.1	2009	0.13264	2	0
KC692507.1	2009	0.13301	2	0
KC692504.1	2009	0.13301	2	0
KC692505.1	2009	0.13227	2	0
KC692499.1	2009	0.13218	2	0
KC692500.1	2009	0.13365	2	0
KC692509.1	2009	0.13438	2	0
KC692502.1	2009	0.13438	2	0
KC692506.1	2009	0.1331	2	0
KC692503.1	2009	0.13328	2	0
KC692501.1	2009	0.13338	2	0
KC692512.1	2010	0.13466	2	0
KC692515.1	2010	0.13475	2	0
KC692497.1	2009	0.13246	2	0
KC692498.1	2009	0.13237	2	0
EF122232.1	2006	0.11891	0	0
EF122231.1	2006	0.11891	0	0
JQ692085.1	2010	0.12541	2	0
KF289072.1	2011	0.12631	2	0
JQ917404.1	2009	0.12517	2	0
KX380796.1	2012	0.12821	2	0
KM403584.1	2013	0.12736	2	0
KM403586.1	2013	0.12819	2	0
KM403585.1	2013	0.12791	2	0
KX380800.1	2012	0.12912	2	0
KX380806.1	2013	0.12967	2	0
KX380804.1	2013	0.12967	2	0
KX380801.1	2012	0.12857	2	0
KX380803.1	2013	0.12967	2	0
KM403575.1	2012	0.13022	2	0
KM403615.1	2013	0.13187	2	0
KM403614.1	2013	0.13187	2	0
KM403576.1	2013	0.13517	2	0
KM403578.1	2013	0.13572	2	0
KM403577.1	2013	0.13572	2	0
KM403579.1	2013	0.13526	2	0
KM403580.1	2013	0.13581	2	0
KM403636.1	2013	0.13581	2	0
KM403599.1	2013	0.13462	2	0
KM403600.1	2013	0.13462	2	0
KM403610.1	2013	0.13535	2	0
KM403602.1	2013	0.13517	2	0
KM403613.1	2013	0.13517	2	0
KM403611.1	2013	0.13636	2	0
KM403604.1	2013	0.13636	2	0
KM403609.1	2013	0.13627	2	0
KM403607.1	2013	0.13737	2	0
KM403605.1	2013	0.13737	2	0
KM403603.1	2013	0.13792	2	0
KM403612.1	2013	0.13792	2	0
KM403606.1	2013	0.13792	2	0
KM403608.1	2013	0.13792	2	0
KM403601.1	2013	0.13407	2	0
KR024708.1	2014	0.13632	2	0
KM403621.1	2013	0.13517	2	0
KM403628.1	2013	0.13517	2	0
KM403629.1	2013	0.13527	2	0
KM403630.1	2013	0.13462	2	0
KM403625.1	2013	0.13462	2	0
KM403622.1	2013	0.13462	2	0
KM403624.1	2013	0.13517	2	0
KM403623.1	2013	0.13517	2	0
KM403626.1	2013	0.13462	2	0
KM403627.1	2013	0.13462	2	0
KM403583.1	2013	0.13407	2	0
KM403582.1	2013	0.13471	2	0
KM403596.1	2013	0.13517	2	0
KM403595.1	2013	0.13517	2	0
KM403598.1	2013	0.13462	2	0
KM403597.1	2013	0.13462	2	0
KM403581.1	2013	0.13407	2	0
KM403587.1	2013	0.13352	2	0
KM403590.1	2013	0.13462	2	0
KM403591.1	2013	0.13526	2	0
KM403589.1	2013	0.13517	2	0
KM403588.1	2013	0.13407	2	0
KM403635.1	2013	0.13242	2	0
KM403631.1	2013	0.13297	2	0
KM403633.1	2013	0.13462	2	0
KM403634.1	2013	0.13462	2	0
KT187561.1	2014	0.13682	2	0
KT187559.1	2014	0.13682	2	0
KT187563.1	2014	0.13682	2	0
KT187562.1	2014	0.13792	2	0
KR052012.1	2014	0.13801	2	0
KT187560.1	2014	0.13737	2	0
KR024706.1	2014	0.13738	2	0
KR024705.1	2014	0.13746	2	0
KR024707.1	2014	0.13684	2	0
KP686070.1	2014	0.13627	2	0
KR071622.1	2014	0.13517	2	0
KP723473.1	2014	0.13547	2	0
KM403632.1	2013	0.13352	2	0
KM403592.1	2013	0.13187	2	0
KM403594.1	2013	0.13251	2	0
KM403593.1	2013	0.13242	2	0
KM403616.1	2013	0.13242	2	0
KM403617.1	2013	0.13297	2	0
KM403619.1	2013	0.13295	2	0
KM403618.1	2013	0.13295	2	0
KM403620.1	2013	0.13187	2	0
KX380805.1	2013	0.12912	2	0
KX380802.1	2012	0.12857	2	0
KX380799.1	2012	0.12745	2	0
JN903579.1	2008	0.12806	2	0
JN903581.1	2009	0.12897	2	0
JN903580.1	2009	0.12841	2	0
KF184975.1	2013	0.13117	0	0
KF864667.1	2013	0.12702	0	0
DI401606.1	2014	0.08949	0	0
DI401607.1	2014	0.09032	0	0
DI403034.1	2014	0.09032	0	0
DI401605.1	2014	0.09032	2	0
DI191091.1	2009	0.09032	2	0
HV317818.1	2010	0.09032	2	0
FW366602.1	2010	0.09032	2	0
DI403033.1	2014	0.09032	2	0
EF032590.1	2006	0.1063	0	0
DQ672556.1	2006	0.11201	2	0
JQ915074.1	2008	0.11818	2	0
JQ915073.1	2008	0.11814	2	0
JQ915072.1	2007	0.11791	2	0
JQ915076.1	2009	0.11939	2	0
JQ915079.1	2009	0.11846	2	0
JQ915080.1	2010	0.1192	2	0
JQ915075.1	2009	0.11873	2	0
JQ915071.1	2007	0.11753	2	0
DQ672559.1	2006	0.11476	2	0
DQ672558.1	2006	0.11421	2	0
DQ672557.1	2006	0.11366	2	0
KC762620.1	2007	0.10865	0	0
KC762651.1	2007	0.10901	0	0
KC762630.1	2008	0.11232	0	0
EF025110.1	2006	0.11262	0	0
EU179861.1	2006	0.11602	0	1
KC762628.1	2008	0.11417	0	0
KC762640.1	2008	0.11476	0	0
KC762653.1	2008	0.11479	0	0
KP406803.1	2006	0.11318	0	0
KJ933413.1	2012	0.11557	0	0
KX380797.1	2012	0.1173	0	0
LC128301.1	2016	0.11933	0	0
FJ898371.1	2007	0.03689	0	0
FJ898376.1	2007	0.03855	0	0
FJ432729.1	2007	0.03965	0	0
FJ432733.1	2007	0.03965	0	0
GQ199790.1	2007	0.03965	0	0
GQ199784.1	2007	0.0402	0	0
GQ199805.1	2007	0.0402	0	0
GQ199793.1	2007	0.04025	2	0
EU677173.1	2007	0.04043	2	0
GQ199846.1	2006	0.04161	2	0
GQ199844.1	2006	0.04225	2	0
GQ199848.1	2006	0.04225	2	0
FJ898416.1	2006	0.04299	0	0
FJ898409.1	2006	0.04345	0	0
GQ199852.1	2006	0.04445	0	0
FJ898427.1	2006	0.04445	0	0
GQ199850.1	2006	0.04445	0	0
EU482794.1	2006	0.04445	0	0
FJ882518.1	2006	0.04555	0	0
FJ882542.1	2006	0.04555	0	0
FJ898396.1	2006	0.04555	0	0
FJ898404.1	2006	0.04555	0	0
FJ461320.1	2007	0.04262	2	0
GQ199782.1	2007	0.04299	2	0
FJ182003.1	2007	0.04326	2	0
EU482481.1	2007	0.04381	2	0
EU482710.1	2007	0.04381	2	0
FJ882550.1	2007	0.04359	0	0
GU131720.1	2008	0.04501	2	0
HM181968.1	2008	0.04556	2	0
GU131726.1	2008	0.04556	2	0
GU131727.1	2008	0.04447	2	0
KF921950.1	2008	0.04609	2	0
GU131819.1	2008	0.0461	2	0
GU131792.1	2008	0.04722	2	0
FJ410213.1	2008	0.04644	2	0
FJ410214.1	2008	0.0461	2	0
GU131715.1	2008	0.0455	2	0
FJ410260.1	2008	0.04356	2	0
GU131696.1	2008	0.04551	2	0
GU131731.1	2008	0.04702	2	0
GU131769.1	2008	0.04716	2	0
GU131737.1	2008	0.04716	2	0
GU131705.1	2008	0.04661	2	0
JF937613.1	2008	0.04716	2	0
GU131757.1	2008	0.04716	2	0
GQ199822.1	2007	0.04607	2	0
FJ410251.1	2008	0.04661	2	0
GU131775.1	2008	0.04661	2	0
GU131798.1	2008	0.04661	2	0
JF937616.1	2008	0.04661	2	0
GU131738.1	2008	0.04582	2	0
FJ410264.1	2008	0.04557	2	0
GU131768.1	2008	0.04539	2	0
FJ432742.1	2007	0.0452	2	0
GQ199783.1	2007	0.0435	2	0
GQ868609.1	2007	0.0433	0	0
FJ882515.1	2006	0.04301	2	0
FJ882543.1	2006	0.04383	2	0
EU482822.1	2006	0.04383	2	0
EU482535.1	2006	0.04393	2	0
EU482825.1	2006	0.04393	2	0
GU131718.1	2008	0.04643	0	0
GU131766.1	2008	0.04643	0	0
FJ882561.1	2007	0.04567	2	0
EU482796.1	2006	0.04483	2	0
JQ287661.1	2006	0.05621	0	0
JQ287660.1	2006	0.06332	0	0
KF921937.1	2006	0.06317	2	0
GU131753.1	2008	0.04745	2	0
FJ898428.1	2006	0.04264	2	0
FJ898425.1	2006	0.04264	2	0
EU249494.1	2006	0.04143	2	0
FJ898415.1	2006	0.04226	2	0
FJ898406.1	2006	0.04189	0	0
FJ898405.1	2006	0.04197	2	0
FJ898414.1	2006	0.04174	0	0
FJ547060.1	2007	0.04229	2	0
EU482806.1	2006	0.04219	2	0
FJ882533.1	2006	0.04166	2	0
FJ882523.1	2006	0.04274	0	0
FJ882524.1	2006	0.04274	0	0
FJ898385.1	2007	0.04274	0	0
EU482526.1	2006	0.0433	0	0
GU131681.1	2008	0.04385	0	0
FJ410218.1	2007	0.04457	0	0
GQ199791.1	2007	0.04094	2	0
FJ432749.1	2007	0.04098	2	0
GQ868636.1	2008	0.04215	2	0
GU131763.1	2008	0.04311	2	0
GU131820.1	2008	0.04325	2	0
KF921946.1	2008	0.0438	2	0
GU131782.1	2008	0.0438	2	0
GQ868605.1	2006	0.04363	2	0
GQ868607.1	2007	0.04363	2	0
JF937596.1	2007	0.04338	2	0
GQ199781.1	2007	0.04297	2	0
EU482519.1	2006	0.04334	2	0
EU482827.1	2006	0.04362	2	0
EU482537.1	2006	0.04362	2	0
EU482531.1	2006	0.04363	2	0
EU482824.1	2006	0.04363	2	0
EU482518.1	2006	0.04416	2	0
EU249495.1	2006	0.04416	2	0
GQ199787.1	2007	0.04517	2	0
FJ898374.1	2007	0.04554	2	0
GQ199809.1	2007	0.0459	2	0
GQ868614.1	2008	0.04645	2	0
FJ461335.1	2008	0.047	2	0
FJ410269.1	2008	0.047	2	0
FJ024456.1	2007	0.0455	2	0
FJ410284.1	2008	0.04522	2	0
FJ898408.1	2006	0.0429	2	0
GQ199839.1	2006	0.0415	0	0
GQ199849.1	2006	0.0416	0	0
FJ898412.1	2006	0.03815	2	0
HM181966.1	2008	0.03989	0	0
GQ868610.1	2007	0.03895	0	0
FJ410266.1	2008	0.0396	0	0
FJ432723.1	2007	0.03914	0	0
KC172832.1	2009	0.02844	2	0
HM469967.1	2007	0.02797	0	0
HG316481.1	2010	0.02907	2	0
AB608787.1	2008	0.03031	2	0
HQ891315.1	2009	0.02934	0	0
HQ891313.1	2009	0.03036	0	0
KP398852.1	2014	0.03922	0	0
KJ726665.1	2012	0.03274	0	35
KJ726662.1	2012	0.03366	0	0
KJ726663.1	2012	0.03329	0	1
KJ726664.1	2012	0.03299	0	0
KJ468234.1	2013	0.03526	0	0
KJ755855.1	2013	0.04475	0	0
JN054255.1	2010	0.03155	0	0
HQ891316.1	2009	0.03109	0	0
HQ891314.1	2009	0.03122	0	0
JN054256.1	2009	0.03152	0	0
FJ176779.1	2006	0.02777	2	0
FJ196844.1	2006	0.02905	2	0
EU280167.1	2007	0.03189	2	0
HM181952.1	2007	0.02888	2	0
EU482811.1	2006	0.02829	2	0
GU131830.1	2008	0.03027	2	0
GU131736.1	2008	0.03235	2	0
FJ461307.1	2008	0.0329	2	0
GU131829.1	2008	0.03292	2	0
GU131709.1	2008	0.03235	2	0
GU131802.1	2008	0.0334	2	0
GU131712.1	2008	0.03345	2	0
GU131749.1	2008	0.03378	2	0
FJ461328.1	2007	0.03125	2	0
GU131713.1	2008	0.0318	2	0
GU131801.1	2008	0.03359	2	0
GU131773.1	2008	0.03345	2	0
HM181965.1	2008	0.03345	2	0
FJ410286.1	2008	0.03235	2	0
GU131678.1	2008	0.0357	2	0
GU131680.1	2008	0.0323	2	0
GU131711.1	2008	0.03235	2	0
FJ410220.1	2008	0.0335	2	0
GU131764.1	2008	0.0335	2	0
FJ410212.1	2007	0.03141	2	0
JF937619.1	2008	0.03065	2	0
KC172834.1	2008	0.03065	2	0
KC172835.1	2008	0.02791	2	0
KC172830.1	2008	0.02865	2	0
KC172829.1	2008	0.02865	2	0
FJ882528.1	2006	0.0296	0	0
EU660390.1	2006	0.0296	0	0
EU482707.1	2006	0.02931	2	0
FJ024434.1	2007	0.03042	0	0
FJ024431.1	2007	0.03042	0	0
EU660412.1	2007	0.03042	0	0
EU677159.1	2007	0.03042	0	0
JF937597.1	2007	0.03067	2	0
FJ461313.1	2007	0.03069	0	0
FJ882548.1	2007	0.03275	2	0
FJ410280.1	2008	0.0344	0	0
FJ461324.1	2007	0.03495	0	0
GQ199818.1	2007	0.03495	0	0
FJ461317.1	2007	0.0344	0	0
GU131697.1	2008	0.03552	2	0
JQ287667.1	2008	0.04715	0	0
HM181970.1	2008	0.03743	0	0
JF937650.1	2008	0.03743	0	0
FJ410274.1	2008	0.0355	2	0
FJ410209.1	2007	0.0355	0	0
FJ410203.1	2007	0.03385	0	0
FJ410204.1	2007	0.0345	0	0
FJ410250.1	2007	0.03495	0	0
FJ410211.1	2007	0.03514	0	0
FJ410267.1	2008	0.03329	0	0
FJ432736.1	2007	0.03326	2	0
FJ461332.1	2008	0.03449	2	0
GU131816.1	2008	0.03489	0	0
FJ461331.1	2008	0.0344	2	0
GU131817.1	2008	0.03495	2	0
GU131714.1	2008	0.03495	2	0
FJ882557.1	2007	0.03349	2	0
FJ898421.1	2006	0.03151	0	0
GU131725.1	2008	0.0339	0	0
EU482525.1	2006	0.03261	0	0
FJ432734.1	2007	0.03344	0	0
FJ461323.1	2007	0.03371	0	0
GU131752.1	2008	0.0347	0	0
FJ898372.1	2007	0.03317	0	0
GQ199772.1	2006	0.03316	0	0
FJ882516.1	2006	0.03261	0	0
FJ882545.1	2007	0.03316	0	0
EU482540.1	2006	0.03316	0	0
FJ882547.1	2007	0.03384	0	0
GQ199828.1	2007	0.03437	0	0
FJ882546.1	2007	0.03371	0	0
EU249491.1	2006	0.03206	0	0
GQ868612.1	2006	0.03261	0	0
FJ898420.1	2006	0.03261	0	0
FJ882534.1	2006	0.03014	2	0
FJ410234.1	2007	0.03096	0	0
GQ199803.1	2007	0.0304	2	0
FJ373296.1	2006	0.02904	2	0
FJ906728.1	2007	0.03018	0	0
GQ199792.1	2007	0.03092	2	0
FJ410201.1	2007	0.031	2	0
FJ432747.1	2007	0.03211	0	0
FJ410232.1	2007	0.03211	0	0
FJ882536.1	2006	0.03047	2	0
FJ410257.1	2008	0.03158	2	0
KJ438296.1	2013	0.03163	2	0
KF971869.1	2013	0.03253	2	0
KF971871.1	2013	0.03308	2	0
KF971870.1	2013	0.03313	2	0
KX458013.1	2014	0.03272	2	13
KX458014.1	2014	0.03327	0	3
KT187564.1	2014	0.03327	0	0
LC011949.1	2014	0.03177	2	0
HM469968.1	2007	0.02716	0	0
KC172833.1	2008	0.02989	2	0
KJ438293.1	2013	0.03276	0	0
HM469966.1	2007	0.02908	2	0
KC172831.1	2008	0.03067	2	0
HG316482.1	2010	0.03187	2	0
KC762627.1	2008	0.03011	2	0
KC762646.1	2007	0.03104	2	0
KC762650.1	2007	0.03104	2	0
KC762638.1	2008	0.03103	2	0
KC762652.1	2008	0.03103	2	0
KC762635.1	2007	0.03048	2	0
KC762645.1	2008	0.03057	2	0
KC762632.1	2007	0.03102	2	0
KC762629.1	2008	0.03121	2	0
KC762649.1	2007	0.02929	0	0
KC762636.1	2007	0.02972	0	0
KC762654.1	2007	0.03027	2	0
KC762625.1	2007	0.03082	2	0
KC762623.1	2007	0.03082	2	0
KC762631.1	2008	0.03048	2	0
KC762644.1	2008	0.02994	0	0
KC762633.1	2008	0.03029	0	0
KC762647.1	2010	0.03184	0	0
KC762639.1	2010	0.03184	0	0
KC762637.1	2007	0.03025	0	0
KC762641.1	2008	0.03025	2	0
KC762634.1	2008	0.03054	0	0
KC762648.1	2008	0.03054	0	0
KC762626.1	2008	0.03152	0	0
KC762621.1	2008	0.03207	0	0
KC762624.1	2008	0.03207	0	0
KC762622.1	2008	0.03116	0	0
KC762643.1	2008	0.03115	0	0
KC762642.1	2010	0.03029	2	0
GU370048.1	2008	0.02979	2	0
KR919821.1	2008	0.03034	2	0
GQ398255.1	2008	0.03034	2	0
EU359008.1	2007	0.02998	0	0
KT831765.1	2014	0.03204	0	0
KP723476.1	2014	0.03281	0	0
LC016760.1	2014	0.03297	0	0
LC011945.1	2014	0.03352	0	0
LC011946.1	2014	0.03352	0	0
LC011947.1	2014	0.03352	0	0
LC011948.1	2014	0.03352	0	0
EU081281.1	2006	0.02891	2	0
EU081280.1	2006	0.02882	2	0
GU370049.1	2008	0.02988	0	0
JQ048541.1	2011	0.03317	2	0
KU365900.1	2014	0.03468	2	0
KR028435.1	2014	0.03492	0	0
KP772252.1	2014	0.03464	0	0
HM181957.1	2007	0.01914	0	0
FJ639694.1	2007	0.01969	0	0
HM181956.1	2007	0.01969	0	0
FJ639690.1	2007	0.01993	0	0
FJ639689.1	2007	0.01971	0	0
EU482521.1	2006	0.01852	0	0
FJ639686.1	2006	0.01916	0	0
FJ744702.1	2006	0.01971	0	0
HM631852.1	2006	0.0214	0	0
GU131891.1	2006	0.02191	0	0
GU131889.1	2006	0.02246	0	0
HM181946.1	2007	0.02329	0	0
HM181947.1	2007	0.02136	0	0
HM181941.1	2006	0.02081	0	0
GU131887.1	2006	0.02145	0	0
HM181955.1	2007	0.01875	0	0
HM181959.1	2007	0.01875	0	0
GU131888.1	2006	0.01911	0	0
HQ624984.1	2007	0.01927	0	2
FJ639692.1	2007	0.01869	0	0
FJ639695.1	2007	0.01953	0	0
GU131893.1	2007	0.01953	0	0
JF937617.1	2008	0.0204	0	0
FJ461316.1	2007	0.02006	0	0
GU131708.1	2008	0.02006	0	0
FJ432745.1	2007	0.01906	0	0
FJ882560.1	2007	0.01961	0	0
FJ461333.1	2007	0.02007	0	0
GQ199825.1	2007	0.02007	0	0
FJ461319.1	2007	0.02007	0	0
HM181937.1	2006	0.01888	0	0
KF887994.1	2013	0.02357	0	0
GU131922.1	2008	0.02084	0	0
GU131920.1	2008	0.02084	0	0
GQ868632.1	2008	0.02235	0	0
GU131894.1	2008	0.02147	0	0
GQ868633.1	2008	0.02108	0	0
GU131895.1	2009	0.02142	0	0
KX380798.1	2012	0.02333	0	0
KC131140.1	2012	0.02411	0	0
KC131141.1	2012	0.02412	0	0
HM181948.1	2007	0.01995	0	0
HM488255.1	2007	0.02084	0	0
HM181949.1	2007	0.021	0	0
HM181943.1	2007	0.02104	0	0
GU131925.1	2006	0.02804	0	0
HM181940.1	2006	0.03168	0	0
KF955444.1	2007	0.0326	0	0
KF921933.1	2007	0.03492	0	0
JF937651.1	2008	0.03496	0	0
GU131919.1	2008	0.03288	0	0
HM181938.1	2006	0.02279	0	0
HM181936.1	2006	0.02279	0	0
GU131892.1	2006	0.02279	0	0
HM181953.1	2007	0.02329	0	0
GU131921.1	2008	0.02233	0	0
GQ868635.1	2008	0.02128	0	0
KF921932.1	2007	0.02147	0	0
HM181954.1	2007	0.02123	0	0
HM631853.1	2007	0.02155	0	0
HM181950.1	2007	0.02155	0	0
JF937618.1	2008	0.02124	0	0
GU131771.1	2008	0.02242	0	0
GU131788.1	2008	0.02234	0	0
GU131789.1	2008	0.02218	0	0
GU131810.1	2008	0.02088	0	0
JQ045628.1	2011	0.02266	0	0
JQ045631.1	2011	0.02302	0	0
JQ045630.1	2011	0.02302	0	0
GU131728.1	2008	0.02112	0	0
JF937609.1	2008	0.02112	0	0
FJ410247.1	2008	0.01997	0	0
JF937608.1	2008	0.02057	0	0
GU131779.1	2008	0.02112	0	0
GU131703.1	2008	0.02167	0	0
GU131777.1	2008	0.02222	0	0
GU131774.1	2008	0.02332	0	0
GU131800.1	2008	0.02387	0	0
GU131826.1	2008	0.02387	0	0
GU131822.1	2008	0.02332	0	0
GU131814.1	2008	0.02332	0	0
HM181958.1	2007	0.01898	0	0
KC759167.1	2012	0.02578	0	0
FJ432737.1	2007	0.01131	0	0
GQ199804.1	2007	0.01186	0	0
AB608786.1	2008	0.0137	0	0
GU131813.1	2008	0.01248	0	0
FJ410285.1	2008	0.01324	0	0
GQ199777.1	2007	0.0125	0	0
FJ898379.1	2007	0.01269	0	0
GU131701.1	2008	0.01356	0	0
GU131735.1	2008	0.01356	0	0
EU482799.1	2006	0.01195	0	0
GQ199855.1	2006	0.01187	0	0
GU131682.1	2008	0.01088	0	0
EU482805.1	2006	0.01131	0	0
EU482818.1	2006	0.01186	0	0
FJ432732.1	2007	0.01286	0	0
EU687251.1	2007	0.01177	0	0
FJ024432.1	2007	0.01177	0	0
EU482507.1	2007	0.01232	0	0
FJ390382.1	2007	0.01232	0	0
FJ182021.1	2007	0.01287	0	0
EU482496.1	2007	0.01287	0	0
FJ024446.1	2007	0.01177	0	0
FJ390383.1	2007	0.01341	0	0
EU726782.1	2007	0.01341	0	0
FJ024438.1	2007	0.01341	0	0
EU677158.1	2007	0.01341	0	0
EU482506.1	2007	0.01341	0	0
FJ410287.1	2006	0.01286	0	0
EU660403.1	2006	0.01286	0	0
FJ373305.1	2006	0.01231	0	0
GU131721.1	2008	0.01453	0	0
EU482509.1	2007	0.01332	0	0
FJ024442.1	2007	0.01278	0	0
GQ199810.1	2007	0.01396	0	0
KF921935.1	2007	0.01702	0	0
EU677178.1	2007	0.01396	0	0
EU482478.1	2007	0.01396	0	0
EU482514.1	2007	0.01341	0	0
EU482500.1	2007	0.01341	0	0
EU482823.1	2006	0.01286	0	0
EU482530.1	2006	0.01286	0	0
EU482529.1	2006	0.01286	0	0
EU660401.1	2006	0.01341	0	0
EU482479.1	2007	0.01507	0	0
FJ024449.1	2007	0.01516	0	0
EU677140.1	2007	0.01507	0	0
EU482512.1	2007	0.01617	0	0
EU482499.1	2007	0.01617	0	0
EU482487.1	2007	0.01562	0	0
FJ024444.1	2006	0.01451	0	0
FJ182018.1	2006	0.01452	0	0
GU131815.1	2008	0.01331	0	0
EU660393.1	2006	0.01165	0	0
FJ882553.1	2007	0.00785	0	0
GU131706.1	2008	0.00815	0	0
KF921949.1	2008	0.00968	0	0
GU131827.1	2008	0.00843	0	0
FJ182026.1	2007	0.00716	0	0
FJ547063.1	2007	0.00946	0	0
FJ410192.1	2008	0.01006	0	0
GU131761.1	2008	0.01169	0	0
GU131812.1	2008	0.01169	0	0
JQ045665.1	2011	0.01392	0	0
JQ045666.1	2011	0.01392	0	0
GU131831.1	2008	0.01367	0	0
GU131724.1	2008	0.01334	0	0
GU131776.1	2008	0.01334	0	0
JQ045656.1	2011	0.01538	0	0
JQ045654.1	2011	0.01593	0	0
JQ045655.1	2011	0.01648	0	0
JQ045653.1	2011	0.01648	0	0
GU131760.1	2008	0.01279	0	0
GU131746.1	2008	0.0133	0	0
GU131729.1	2008	0.01399	0	0
GQ868615.1	2008	0.01069	0	0
FJ410230.1	2008	0.00917	0	0
EU482493.1	2007	0.011	0	0
FJ182029.1	2007	0.01155	0	0
FJ024428.1	2007	0.0121	0	0
FJ024435.1	2007	0.01265	0	0
FJ024443.1	2007	0.01265	0	0
GU131723.1	2008	0.01155	0	0
JQ045661.1	2011	0.01428	0	0
JQ045662.1	2011	0.01428	0	0
JQ045650.1	2011	0.01429	0	0
JQ045649.1	2011	0.01401	0	0
FJ461303.1	2007	0.01155	2	0
FJ390388.1	2007	0.0121	0	0
FJ024440.1	2007	0.0121	0	0
FJ024429.1	2007	0.0121	0	0
GQ199794.1	2007	0.01045	0	0
FJ410261.1	2008	0.01155	0	0
KF921947.1	2008	0.01266	0	0
HM488256.1	2008	0.01431	0	0
FJ461340.1	2008	0.01267	0	0
FJ410255.1	2008	0.01267	0	0
GU131690.1	2008	0.01155	0	0
FJ461330.1	2008	0.01155	0	0
EU482517.1	2007	0.00935	0	0
GU131739.1	2008	0.00954	0	0
GU131824.1	2008	0.00992	0	0
JQ045627.1	2011	0.01201	0	2
JQ045626.1	2011	0.012	0	0
JQ045629.1	2011	0.01223	0	0
JQ045632.1	2011	0.01289	0	0
JQ045664.1	2011	0.01371	0	0
JQ045663.1	2011	0.01371	0	0
JQ045647.1	2011	0.01352	0	0
JQ045648.1	2011	0.01352	0	0
JQ045645.1	2011	0.01395	0	4
JQ045641.1	2011	0.01361	0	0
FJ024455.1	2007	0.011	0	0
FJ390386.1	2007	0.011	0	0
FJ024426.1	2007	0.011	0	0
FJ205881.1	2007	0.01155	0	0
EU677174.1	2007	0.0121	0	0
FJ024425.1	2007	0.0121	0	0
EU482716.1	2007	0.0121	0	0
EU677154.1	2007	0.01265	0	0
FJ432719.1	2007	0.01265	0	0
EU482513.1	2007	0.01045	0	0
EU677161.1	2007	0.01109	0	0
GU131733.1	2008	0.01274	0	0
GU131804.1	2008	0.01329	0	0
GU131785.1	2008	0.01384	0	0
GU131742.1	2008	0.01384	0	0
GU131825.1	2008	0.01329	0	0
KF955446.1	2008	0.02072	0	0
KF921941.1	2008	0.01439	0	0
GU131732.1	2008	0.01439	0	0
GU131806.1	2008	0.0138	0	0
JQ045646.1	2011	0.01545	0	0
JQ045640.1	2011	0.01569	0	0
JQ045639.1	2011	0.01569	0	0
FJ410276.1	2008	0.01219	0	0
GQ868611.1	2007	0.01219	0	0
FJ906963.1	2007	0.01045	0	0
FJ410239.1	2008	0.01152	0	0
GU131702.1	2008	0.0121	0	0
GU131747.1	2008	0.01222	0	0
FJ410205.1	2007	0.01265	0	0
FJ410283.1	2008	0.01371	0	0
JF937611.1	2008	0.01426	0	0
GU131745.1	2008	0.01426	0	0
KF921942.1	2008	0.01353	0	0
GU131683.1	2008	0.01382	0	0
FJ461315.1	2007	0.01155	0	0
EU482489.1	2007	0.01045	0	0
FJ024453.1	2007	0.011	0	0
EU677172.1	2007	0.011	0	0
FJ410222.1	2007	0.00964	0	0
FJ182036.1	2007	0.01128	0	0
FJ024450.1	2007	0.01183	0	0
EU482515.1	2007	0.01238	0	0
EU677139.1	2007	0.01238	0	0
FJ024464.1	2007	0.01128	0	0
EU726777.1	2007	0.01183	0	0
EU482511.1	2007	0.01183	0	0
FJ024463.1	2007	0.01183	0	0
FJ182031.1	2007	0.01238	0	0
FJ024460.1	2007	0.01238	0	0
EU482482.1	2007	0.01183	0	0
EU482715.1	2007	0.01183	0	0
FJ182028.1	2007	0.01128	0	0
FJ182023.1	2007	0.01183	0	0
EU677157.1	2007	0.01238	0	0
EU482718.1	2007	0.01238	0	0
FJ024472.1	2007	0.0097	0	0
JQ045634.1	2011	0.0133	0	0
JQ045633.1	2011	0.0129	0	0
JQ045652.1	2011	0.01241	0	0
JQ045651.1	2011	0.01206	0	0
EU482709.1	2007	0.00578	0	0
FJ410236.1	2008	0.00605	0	0
JF937610.1	2008	0.00715	0	0
JF937607.1	2008	0.0077	0	0
GU131790.1	2008	0.0077	0	0
GU131748.1	2008	0.00692	0	0
